Station Name,Station Code
A N Dev Nagar,ACND
Abhaipur,AHA
Abhayapuri Asam,AYU
Abohar,ABS
Abu Road,ABR
Achalda,ULD
Achhnera Junction,AH
Adas Road,ADD
Adavali,ADVI
Adesar,AAR
Adgaon Buzurg,ABZ
Adhartal,ADTL
Adhikari,ADQ
Adi Saptagram,ADST
Adilabad,ADB
Adina,ADF
Adipur,AI
Adityapur,ADTP
Adoni,AD
Adra Junction,ADRA
Adrsh Ngr Delhi,ANDI
Aduturai,ADT
Agartala,AGTL
Agasod,AGD
Aghwanpur,AWP
Agomoni,AGMN
Agori Khas,AGY
Agra Cantt,AGC
Agra City,AGA
Agra Fort,AF
Ahalyapur,AHLR
Aherwadi,AHD
Ahiran,AHN
Ahmadgarh,AHH
Ahmadnagar,ANG
Ahmadpur Junction,AMP
Ahmedabad Junction,ADI
Ahmedabad Mg,ADIJ
Ahraura Road,ARW
Aishbagh,ASH
Ait,AIT
Aithal,ATMO
Ajaibpur,AJR
Ajanti,ANI
Ajaraka,AIA
Ajgain,AJ
Ajjampur,AJP
Ajmer Junction,AII
Ajni,AJNI
Ajnod,AJN
Akalkot Road,AKOR
Akaltara,AKT
Akanapet,AKE
Akathumuri,AMY
Akbarganj,AKJ
Akbarnagar,AKN
Akbarpur,ABP
Akividu,AKVD
Akkaraippatti,API
Akodia,AKD
Akola Junction,AK
Akolner,AKR
Akot,AKOT
Akshaywat R Ngr,AYRN
Akurdi,AKRD
Alai,ALJ
Alamanda,ALM
Alamnagar,AMG
Alampur,ALMR
Alandi,ALN
Aler,ALER
Algawan,AIG
Alia Bada,ALB
Aligarh Junction,ALJN
Alipur Duar,APD
Alipur Duar Junction,APDJ
Allahabad City,ALY
Allahabad Junction,ALD
Alleppey,ALLP
Alluru Road,AXR
Almatti,LMT
Alnavar Junction,LWR
Alniya,ALNI
Aluabari Road,AUB
Aluva,AWY
Alwal,ALW
Alwar,AWR
Amagura,AGZ
Amalner,AN
Amalsad,AML
Amarda Road,ARD
Amargarh,AGR
Amarpura,APA
Amausi,AMS
Amb Andaura,AADR
Ambagaon,AGB
Ambala Cant Junction,UMB
Ambala City,UBC
Ambalapuzha,AMPA
Ambale,ABLE
Ambari Falakata,ABFC
Ambarnath,ABH
Ambasa,ABSA
Ambasamudram,ASD
Ambaturai,ABI
Ambika Kalna,ABKA
Ambika Rohina,AMBR
Ambikapur,ABKP
Ambli Road,ABD
Ambliyasan,UMN
Ambodala,AMB
Ambur,AB
Amdara,UDR
Amethi,AME
Amgaon,AGN
Amguri,AGI
Amla Junction,AMLA
Amlai,AAL
Amlakhurd,AMX
Amli,AMLI
Ammanabrolu,ANB
Ammasandra,AMSA
Ammuguda,AMQ
Amoni,AONI
Amravati,AMI
Amritapura,AMC
Amritsar Junction,ASR
Amroha,AMRO
Anakapalle,AKP
Anand Junction,ANND
Anand Nagar,ANDN
Anand Vihar,ANVR
Anand Vihar Trm,ANVT
Anandapuram,ANF
Anandpur Sahib,ANSB
Anantapur,ATP
Anantnag,ANT
Anaparti,APT
Anara,ANR
Anas,ANAS
Anavardikhanpet,AVN
Ancheli,ACL
Andal Junction,UDL
Andheri,ADH
Andul,ADL
Angadippuram,AAM
Angamali,AFK
Angar,AAG
Angul,ANGL
Anjani,ANO
Anjar,AJE
Anjhi Shahabad,AJI
Ank Mmr Direct,ANKX
Ankai,ANK
Ankleshwar Junction,AKV
Ankola,ANKL
Ankorah Akorha,ANH
Annavaram,ANV
Annigeri,NGR
Anpara,ANPR
Antah,ATH
Antu,ANTU
Anugraha N Road,AUBR
Anuppur Junction,APR
Anupshahr,AUS
Aonla,AO
Appikatla,APL
Apta,APTA
Ara,ARA
Arag,ARAG
Arakkonam,AJJ
Arakku,ARK
Aralvaymozhi,AAY
Arand,ARN
Arang Mahanadi,ANMD
Arariya,ARR
Arariya Court,ARQ
Aravali Road,AVRD
Aravankadu,AVK
Arigada,ARGD
Ariyalur,ALU
Arjuni,AJU
Arnetha,ARE
Arni Road,ARV
Arsikere Junction,ASK
Arumuganeri,ANY
Arunachal,ARCL
Aruppukkottai,APK
Asafpur,AFR
Asalpur Jobner,JOB
Asangaon,ASO
Asansol Junction,ASN
Asaoti,AST
Asarva Junction,ASV
Ashapura Gomat,AQG
Ashok Nagar,ASKN
Ashokapuram,AP
Asifabad Road,ASAF
Aslana,ANA
Aslaoda,ASL
Asokhar,AXK
Asranada,AAS
Atari,ATT
Atarra,ATE
Ateli,AEL
Athmal Gola,ATL
Atrampur,ARP
Atru,ATRU
Attabira,ATS
Attar,ATR
Attili,AL
Attippattu,AIP
Attur,ATU
Atul,ATUL
Aulenda,AED
Aung,AUNG
Aunrihar Junction,ARJ
Aurangabad,AWB
Ausa Road,OSA
Auvaneswsarem,AVS
Auwa,AUWA
Avadi,AVD
Awantipura,ATPA
Awatarnagar,ATNR
Ayodhya,AY
Ayodhyapattanam,APN
Azamgarh,AMH
Azamnagar Road,AZR
Azimganj City,ACLE
Azimganj Junction,AZ
B Cement Nagar,BEY
Babatpur,BTP
Babhnan,BV
Babina,BAB
Babrala,BBA
Babugarh,BBO
Babupeth,BUPH
Bacheli,BCHL
Bachhrawan,BCN
Bachwara Junction,BCA
Bad,BAD
Badabandha,BDBA
Badami,BDM
Badampudi,BPY
Badarpur Junction,BPB
Badarwas,BDWS
Bade Arapur,BDXX
Badhal,BDHL
Badhwa Bara,BDWA
Badkulla,BDZ
Badla Ghat,BHB
Badlapur,BUD
Badli,BHD
Badmal,BUDM
Badnapur,BDU
Badnera Junction,BD
Badodar,BDDR
Badshahnagar,BNZ
Badshahpur,BSE
Badulipar,BLPR
Badurpur Ghat,BPG
Bagaha,BUG
Bagalia,BGA
Bagalkot,BGK
Bagbahra,BGBR
Bagdihi,BEH
Bagetar,BF
Bagevadi Road,BSRX
Baghauli,BGH
Baghdogra,BORA
Baghnapara,BGRA
Baghora,BJQ
Baghuapal,BGPL
Bagnan,BZN
Bagra Tawa,BGTA
Bagri Nagar,BQN
Bagri Sajjanpur,BGX
Bagumra,BGMR
Bagwada (Halt),BAGD
Bahadurgarh,BGZ
Bahadurpur,BPD
Baheri,BHI
Bahjoi,BJ
Bahraich,BRK
Baiguda,BGUA
Baihatola,BATL
Baikunth,BKTH
Baikunthpur Road,BRH
Bainchi,BOI
Bairagarh,BIH
Bairagnia,BGU
Baitalpur,BALR
Baitarani Road,BTV
Baiyyappanahali,BYPL
Bajrangarh,BJG
Bajud,BJUD
Bajva,BJW
Bakanian Bhaunr,BQE
Bakhleta,BQQ
Bakhtiyarpur Junction,BKP
Baktal,BKTL
Bakudi,BKLE
Balabhadrapuram,BBPM
Balabnramapuram,BRAM
Balagarh,BGAE
Balaghat Junction,BTC
Balamu Junction,BLM
Balangir,BLGR
Balasore,BLS
Balawali,BLW
Bale,BALE
Balganur,BLR
Balharshah,BPQ
Baliakheri,BAE
Balichak,BCK
Ballabgarh,BVH
Ballenahalli,BAHI
Ballia,BUI
Bally,BLY
Balod,BXA
Balotra Junction,BLT
Balpur Halt,BPRH
Balsamand,BLSD
Balugan,BALU
Balurghat,BLGT
Bamhrauli,BMU
Bamla,BMLL
Bamnia,BMI
Bamra,BMB
Banahi,BYN
Banapura,BPF
Banar,BNO
Banas,BNS
Banaswadi,BAND
Banbasa,BNSA
Banda Junction,BNDA
Bandakpur,BNU
Bandanwara,BDW
Bandarkhal,BXK
Bandel Junction,BDC
Bandh Bareta,BR
Bandhua,BNF
Bandikui Junction,BKI
Bandra Terminus,BDTS
Bangalore Cant,BNC
Bangalore Cy Junction,SBC
Bangalore East,BNCE
Bangarapet,BWT
Bangarapet,BWY
Bangriposi,BGY
Bangrod,BOD
Bani,BANI
Bani Bihar,BNBH
Banihal,BAHL
Banisar,BS
Banka,BAKA
Banka Ghat,BKG
Banka Road Oa,BNKR
Bankata,BTK
Bankhedi,BKH
Bankura,BQA
Banmor,BAO
Bano,BANO
Banpas,BPS
Bansh Baria,BSAE
Banshlai Bridge,BSBR
Bansi Paharpur,BIQ
Bansipur,BSQP
Banspani,BSPX
Bansthali Niwai,BNLW
Banta Rnathgarh,BGG
Bantanahal,BLL
Bantawala,BNTL
Banthra,BTRA
Baori Thikria,BOTI
Bap,BAF
Bapatla,BPP
Bapudm Motihari,MKI
Bapudm Motihari,BMKI
Bar,BAR
Bara Jamda,BJMD
Barabambo,BRM
Barabanki Junction,BBK
Barabhum,BBM
Barabil,BBN
Barachak,BCQ
Baradwar,BUA
Baragopal,BAGL
Barahat,BHLE
Baraigram Jn,BRGM
Barakar,BRR
Baral,BARL
Baran,BAZ
Barang,BRAG
Barara,RAA
Barauni Junction,BJU
Baraut,BTU
Barbatpur,BBTR
Barchi Road,BCRD
Barddhaman Junction,BWN
Bardhana Halt,BRDH
Bardoli,BIY
Bareilly,BE
Bareilly,BRY
Bareilly City,BC
Barejadi,BJD
Barelipur,BQM
Bareta,BRZ
Bareth,BET
Bargarh,BRG
Bargarh Road,BRGA
Bargawan,BRGW
Bargi,BUQ
Barh,BARH
Barhan,BRN
Barharwa Junction,BHW
Barhiya,BRYA
Barhiya,DKGS
Barhni,BNY
Bari Brahman,BBMN
Bariarpur,BUP
Baripada,BPO
Bariwala,BRW
Barka Kana,BRKA
Barkhera,BKA
Barkisalalya,BSYA
Barkur,BKJ
Barlai,BLAX
Barmer,BME
Barnala,BNN
Barog,BOF
Barpali,BRPL
Barpathar,BXP
Barpeta Road,BPRD
Barrackpore,BP
Barrajpur,BJR
Barsali,BYS
Barsi Town,BTW
Barsoi Junction,BOE
Barsola,BZO
Barua Bamungaon,BBGN
Barud,BRUD
Barwa Sagar,BWR
Barwadih Junction,BRWD
Barwaha,BWW
Barya Ram,BYHA
Basai,BZY
Basantapur,BSTP
Basar,BSX
Basbari,BSI
Basharatganj,BTG
Basin Bridge Junction,BBQ
Basmat,BMF
Basni,BANE
Bassi,BAI
Bassi Pathanam,BSPN
Basta,BTS
Basti,BST
Basugaon,BSGN
Basukinath,BSKH
Baswa,BU
Batala Junction,BAT
Bataspur,BSLE
Bathinda Cantt.,BTIC
Bauria Junction,BVA
Bawal,BWL
Bawani Khera,BWK
Bayana Junction,BXN
Baytu,BUT
Bayyavaram,BVM
Bazarsau,BZLE
Bazpur,BPZ
Beas,BEAS
Beawar,BER
Bechhiwara,BHWA
Begampet,BMT
Begdewadi,BGW
Begu Sarai,BGS
Behtagokul,BEG
Behula,BHLA
Bekal Fort,BFR
Bela,BELA
Bela Tal,BTX
Belakoba,BLK
Belampalli,BPA
Belapur,BAP
Belasar,BLSR
Belda,BLDA
Beldanga,BEB
Belgahna,BIG
Belgaum,BGM
Belgharia,BLH
Belha,BYL
Bellamkonda,BMKD
Bellary Cant,BYC
Bellary Junction,BAY
Bellenahalli,BNHL
Belpahar,BPH
Belrayan,BXM
Belsonda,BLSN
Belthara Road,BLTR
Belvandi,BWD
Beohari,BEHR
Berawanya,BRNA
Berchha,BCH
Berhampore Crt,BPC
Bermo,BRMO
Betamcherla,BMH
Betavad,BEW
Bethampurdi,BTPD
Bethuadahari,BTY
Betnoti,BTQ
Bettiah,BTH
Betul,BZU
Bevinahalu,BNL
Bhabhar,BAH
Bhabta,BFT
Bhabua Road,BBU
Bhachau,BCO
Bhachau Bg,BCOB
Bhadan,BDN
Bhadaura,BWH
Bhadbhunja,BBAI
Bhadli,BDI
Bhadohi,BOY
Bhadrachalam Road,BDCR
Bhadrakh,BHC
Bhadravati,BDVT
Bhadreshwar,BHR
Bhadri,BHDR
Bhadroli,BBY
Bhaga Junction,VAA
Bhagalpur,BGP
Bhagalpur,ZZZZ
Bhagat Ki Kothi,BGKT
Bhagwangola,BQG
Bhagwanpur,BNR
Bhagwanpura,BGPR
Bhairoganj,BRU
Bhairongarh,BOG
Bhakti Nagar,BKNG
Bhalki,BHLK
Bhalui,BFM
Bhaluka Road F,BKRD
Bhalukmara,BLMR
Bhalulata,BUL
Bhalumaska,BLMK
Bhalwani,BLNI
Bhanapur,BNP
Bhandak,BUX
Bhandara Road,BRD
Bhandaridah,BHME
Bhandu Motidau,BHU
Bhansi,BHNS
Bhanvad,BNUD
Bhanvad,BNVD
Bhanwar Tonk,BHTK
Bhanwasa,BNWS
Bharat Kup,BTKP
Bharatpur Junction,BTE
Bharoli,BHRL
Bharthana,BNT
Bharuch Junction,BH
Bharwa Sumerpur,BSZ
Bharwari,BRE
Bhatapara,BYT
Bhatinda Junction,BTI
Bhatisuda(Halt),BTSD
Bhatiya,BHTA
Bhatkal,BTJL
Bhatkal,BTKL
Bhatni Junction,BTT
Bhaton Ki Gali,BHG
Bhatpar Rani,BHTR
Bhattiprolu,BQU
Bhattu,BHT
Bhavanagar Para,BVP
Bhavani Nagar,BVNR
Bhavnagar Trmus,BVC
Bhawani Mandi,BWM
Bhawanipatna,BWIP
Bhayandar,BYR
Bhayavadar,BHY
Bhedia,BDH
Bheerpur,BEP
Bheja,BHJA
Bheraghat,BRGT
Bhesana,BFY
Bheslana,BILA
Bhestan,BHET
Bhigwan,BGVN
Bhiknur,BKU
Bhilad,BLD
Bhilai,BIA
Bhilai Pwr Hs,BPHB
Bhilainagar,BQR
Bhilavdi,BVQ
Bhildi,BLDI
Bhilwara,BHL
Bhimadolu,BMD
Bhimal,BIML
Bhimalgondi,BMC
Bhimana,BMN
Bhimasar Bg,BMSB
Bhimavaram Junction,BVRM
Bhimavaram Town,BVRT
Bhimgara,BMGA
Bhimkhoj,BMKJ
Bhimsen,BZM
Bhind,BIX
Bhinwaliya,BWA
Bhira Kheri,BIK
Bhitaura,BTO
Bhitoni,BHTN
Bhivpuri Road,BVS
Bhiwandi Road,BIRD
Bhiwani,BNW
Bhiwani City,BNWC
Bhogpur Sirwal,BPRS
Bhojipura Junction,BPR
Bhojo,BOJ
Bhojudih Junction,BJE
Bhokar,BOKR
Bhoke,BOKE
Bhoma,BHV
Bhone,BHNE
Bhongaon,BGQ
Bhongir,BG
Bh Onra,BON
Bhopal Junction,BPL
Bhoras Budrukh,BFJ
Bhortex,BRTK
Bhubaneswar,BBS
Bhuchchu,BCU
Bhugaon,BPK
Bhuj,BHUJ
Bhulanpur,BHLP
Bhulon,BLO
Bhupalsagar,BSJ
Bhupdeopur,BEF
Bhupia Mau,VPO
Bhurkunda,BHKD
Bhusandpur,BSDP
Bhusaval Junction,BSL
Bhuteshwar,BTSR
Bibinagar,BN
Bichia,BIC
Bidadi,BID
Bidanpur,BDNP
Bidar,BIDR
Bidhan Nagar,BNXR
Bidupur,BIU
Bigga,BIGA
Bighapur,BQP
Bihar Sharif,BEHS
Bihara,BHZ
Bihiya,BEA
Bihta,BTA
Bijainagar,BJNR
Bijapur,BJP
Bijauli,BJI
Bijaysota,VST
Bijni,BJF
Bijnor,BJO
Bijoor,BIJR
Bijora,BJK
Bijuli Halt,BJIH
Bijuri,BJRI
Bijwasan,BWSN
Bikaner Junction,BKN
Bikkavolu,BVL
Bikram Shila,BKSL
Bikrampur,BMR
Bilaspur Junction,BSP
Bilaspur Road,BLOR
Bilaspur Road,BLQR
Bildi,BILD
Bilga,BZG
Bilhar Ghat,BLG
Bilhaur,BLU
Bilimora Junction,BIM
Billi,BXLL
Bilpur,BLPU
Bilwai,BWI
Bina Junction,BINA
Binaiki,VNK
Bindki Road,BKO
Binnaguri,BNV
Bir,BIR
Biradhwal,BDWL
Birambad,BAMA
Biramdih,BRMD
Birapatti,BRPT
Birlanagar,BLNR
Birnagar,BIJ
Birohe,BEO
Biroliya,BRLY
Birsinghpur,BRS
Birur Junction,RRB
Bisalwas Kalan,BIWK
Bisanattam,BSM
Bisapurkalan,BRKH
Bishnathganj,BTJ
Bishnupur,VSU
Bishrampur,BSPR
Bisra,BZR
Bissamcuttack,BMCK
Bissau,BUB
Bisugirsharif,BGSF
Biswan,BVN
Bitragunta,BTTR
Biyavra Rajgarh,BRRG
Bobas,BOBS
Bobbili,VBL
Bodhadi Bujrug,BHBK
Bodwad,BDWD
Bohali,BHLI
Bohani,BNE
Boinda,BONA
Boisar,BOR
Bokajan,BXJ
Bokaro Stl City,BKSC
Bokaro Thermal,BKRO
Bolai,BLX
Bolarum,BMO
Bolarum Bazar,BOZ
Bolinna Doaba,BLND
Bolpur S Niktn,BHP
Bolsa,BLSA
Bomadra,BOM
Bommidi,BQI
Bona Kalu,BKL
Bondamunda,BNDM
Bongaigaon,BNGN
Bonidanga,BDAG
Bordhal,BXY
Bordi,BIO
Borhat,BFD
Boribial,BRB
Boridand,BRND
Borivali,BVI
Boroti,BOT
Borraguhallu,BGHU
Bortalao,BTL
Borvihir,BRVR
Botad Junction,BTD
Bpt Station,XXXX
Brahmanagudem,BMGM
Brahmanpalli,BMPL
Brahmapur,BAM
Brajrajnagar,BRJN
Brayla Chaurasi,BRLA
Budalur,BAL
Budaun,BEM
Buddireddippati,BDY
Budhi,BDHY
Budhlada,BLZ
Budni,BNI
Budvel,BDVL
Bulandshahr,BSC
Bundi,BUDI
Bundki,BEK
Buniadpur,BNDP
Burhanpur,BAU
Burhar,BUH
Burhwal,BUW
Burnpur,BURN
Butari,BTR
Buti Bori,BTBR
Buxar,BXR
Byadarahalli,BDRL
Byadgi,BYD
Byculla,BY
Byndoor,BYNR
C Shahumharaj T,KOP
Cancona,CNO
Castle Rock,CLR
Cavalry Barrcks,CVB
Chabua,CHB
Chachaura Bngj,CBK
Chacher,CHCR
Chagallu,CU
Chaibasa,CBSA
Chainpur,CNPR
Chainwa,CW
Chajawa,CJW
Chajli,CJL
Chakand,CKH
Chakarbhatha,CHBT
Chakarpur,CKK
Chakdaha,CDH
Chakdayala,CKDL
Chakia,CAA
Chakki Bank,CHKB
Chakradharpur,CKP
Chakraj Mal,CAJ
Chakrod,CKOD
Chaksu,CKS
Chakulia,CKU
Chakur,CKX
Chalakudi,CKI
Chalama,CMZ
Chalgeri,CLI
Chalisgaon Junction,CSN
Challakere,CHKE
Chalsa Junction,CLD
Chalthan,CHM
Chamagram,CMX
Chamarajanagar,CMNR
Champa,CPH
Champaner Road Jn,CPN
Chand Siau,CPS
Chanda Fort,CAF
Chandan Nagar,CGR
Chandanattop,CTPE
Chandari,CNBI
Chandauli Mjhwr,CDMR
Chandausi Junction,CH
Chandawal,CNL
Chanderiya,CNA
Chandi Mandir,CNDM
Chandia Road,CHD
Chandigarh,CDG
Chandil Junction,CNI
Chandlodiya,CDLD
Chandlodiya,CLDY
Chandok,CNK
Chandragiri,CGI
Chandrakona Road,CDGR
Chandranathpur,CNE
Chandrapur,CD
Chandrapura,CRP
Chandur,CND
Chandur Bazar,CNDB
Chaneti,CHTI
Changanaseri,CGY
Changotola,CGLA
Changsari,CGS
Channani,CHNN
Channapatna,CPT
Chanpatia,CAI
Chaparmukh Junction,CPK
Charamula Kusum,CJS
Charanmahadevi,SMD
Charaud,CRW
Charbatia,CBT
Charegaon,CRN
Charghat Pipari,CGE
Charkhera,CRK
Charkhi Dadri,CKD
Charlapalli,CHZ
Charvattur,CHV
Chata,CHJ
Chatra,CTR
Chatrappatti,CHPT
Chatrapur,CAP
Chattriput,CTS
Chau Mahla,CMU
Chaube,CBH
Chauk,CHOK
Chaukhandi,CHH
Chaunrah,CNH
Chaura,CUX
Chauri Chaura,CC
Chausa,CSA
Chautara,CROA
Chauth Ka Brwra,CKB
Chavaj,CVJ
Chavalkhede,CHLK
Chawapall,CHA
Chebrol,CEL
Cheekateegalplm,CEM
Chengalpattu,CGL
Chengannur,CNGR
Chennai Beach,MSB
Chennai Central,MAS
Chennai Egmore,MS
Cheoki,COI
Cheriyanad,CYN
Cherukara,CQA
Chettinad,CTND
Chhabra Gugor,CAG
Chhan Arorian,CHNR
Chhandrauli,CDRL
Chhanera,CAER
Chhapi,CHP
Chhapra,CPR
Chhapra Kacheri,CI
Chharodi,CE
Chharra,CHRA
Chhatna,CJN
Chhina,CHN
Chhindwara Junction,CWA
Chhipadohar,CPDR
Chhota Gudha,COD
Chhoti Odai,COO
Chhulha,CLF
Chichaki,CCK
Chidambaram,CDM
Chiheru,CEU
Chik Banavar,BAW
Chikalthan,CTH
Chikhli,CKHS
Chikjajur Junction,JRU
Chikni Road,CKNI
Chikodi Road,CKR
Chilakalapudi,CLU
Chilbila Junction,CIL
Chilikidara,CLDR
Chilka,CLKA
Chilkahar,CHR
Chiluvur,CLVR
Chima Pahad,CMW
Chimidipalli,CMDP
Chinchli,CNC
Chinchpada,CPD
Chinchvad,CCH
Chinna Ganjam,CJM
Chinna Salem,CHSM
Chinnaravuru,CIV
Chinpai,CPLE
Chintaman Ganes,CNN
Chiplun,CHI
Chipurupalle,CPP
Chirala,CLX
Chirawa,CRWA
Chirayinkil,CRY
Chirgaon,CGN
Chirmiri,CHRM
Chit Baragaon,CBN
Chitahra,CTHR
Chitali,CIT
Chitgidda,CTF
Chitradurg,CTA
Chitrakot,CKTD
Chitrasani,CTT
Chitrod,COE
Chittapur,CT
Chittaranjan,CRJ
Chittaurgarh,COR
Chittor,CTO
Chityala,CTYL
Chodiala,CDL
Chola,CHL
Chomun Samod,COM
Chopan,CPU
Choral,CRL
Chorghatpiparia,CRE
Chorgi,CHRG
Chorvad Road,CVR
Choti Khatu,CTKT
Choupale,CUE
Chuchura,CNS
Chudawa,CRU
Chunar,CAR
Churaibari,CBZ
Churk,CUK
Churu,CUR
Cinnamara,CMA
Clutterbuckganj,CBJ
Coimbatore Junction,CBE
Coimbatore Nrth,CBF
Colonelganj,CLJ
Contai Road,CNT
Coonoor,ONR
Cossimbazar,CSZ
Cuddalore Port,CUPJ
Cuddapah,HX
Cumbum,CBM
Cuttack,CTC
Dabhaura,DBR
Dabhoda,DBO
Dabilpur,DBV
Dabka,DBKA
Dabla,DBLA
Dabpal,DPF
Dabpal,DBF
Dabra,DBA
Dabtara,DUB
Dadar,DR
Dadar,DDR
Dadhapara,DPH
Dadhdevi,DDV
Dadpur,DPX
Dadri,DER
Dagarhkeri,DRHI
Daghora,DAO
Dagmagpur,DAP
Dagori,DGS
Dahanu Road,DRD
Dahar Ka Balaji,DKBJ
Dahod,DHD
Dakaniya Talav,DKNT
Dakhineswar,DAKE
Daladi,DL
Dalauda,DLD
Dalbhumgarh,DVM
Dalelnagar,DLQ
Dalgaon,DLO
Daliganj,DAL
Dalkolha,DLK
Dalli Rajhara,DRZ
Dalmau Junction,DMW
Dalpatpur,DLP
Dalsingh Sarai,DSS
Daltonganj,DTO
Damanjodi,DMNJ
Damchara,DCA
Damoh,DMO
Danapur,DNR
Danauli Phlwria,DPL
Dandupur,DND
Danea,DNEA
Dangarwa,DNW
Dangoaposi,DPS
Danishpet,DSPT
Daniyawan Bzr H,DNWH
Dankaur,DKDE
Dankuni,DKAE
Dantan,DNT
Dantewara,DWZ
Dantra,DTRA
Danwar,DAR
Daotuhaja,DJA
Dapodi,DAPD
Dappar,DHPR
Dara,DARA
Darbhanga Junction,DBG
Darekasa,DKS
Darjeeling,DJ
Darliput,DPC
Darritola,DTL
Daryabad,DYD
Dasharathpur,DRTP
Dasna,DS
Dasuya,DZA
Datia,DAA
Daudpur,DDP
Daulatabad,DLB
Daulatpur Hat,DLPH
Daund Junction,DD
Daurai,DOZ
Daurala,DRLA
Dauram Madhpura,DMH
Dausa,DO
Dausni,DSNI
Davangere,DVG
Dayalpur,DLPR
Dayanand Nagar,DYE
Debagram,DEB
Debari,DRB
Deeg,DEEG
Degana Junction,DNA
Dehradun,DDN
Dehri On Sone,DOS
Dehu Road,DEHR
Dekargaon,DKGN
Delang,DEG
Delhi,DLI
Delhi Cantt,DEC
Delhi Kishangnj,DKZ
Delhi S Rohilla,DEE
Delhi Safdarjng,DSJ
Delhi Shahdara,DSA
Denduluru,DEL
Deoband,DBD
Deoghar,DGHR
Deojhar,DJHR
Deori,DOE
Deoria Sadar,DEOS
Deotala,DOTL
Depur Ph,DPUR
Derol,DRL
Derowan P. H.,DRWN
Desari,DES
Deshapran P.H.,DSPN
Deshnok,DSO
Devakottai Road,DKO
Devalgaon Auchr,DAV
Devangonthi,DKN
Devargudda,DAD
Devbaloda Chrda,DBEC
Devi Halt,DVH
Devlali,DVL
Devpura,DPZ
Devri Ph,DRPH
Dewanganj,DWG
Dewas,DWX
Dhaban,DABN
Dhaca Cantt,DHCA
Dhaka,DAKA
Dhalgaon,DLGN
Dhamalgaon,DMGN
Dhamangaon,DMN
Dhamara Ghat,DHT
Dhamdhamia,DDX
Dhamora,DAM
Dhampur,DPR
Dhana Kherli,DXK
Dhanakya,DNK
Dhanapur Orissa,DIR
Dhanari,DN
Dhanauri,DNRE
Dhanbad Junction,DHN
Dhandari Kalan,DDL
Dhandhera,DNRA
Dhanera,DQN
Dhaneta,DAN
Dhanmandal,DNM
Dhanuvachapuram,DAVM
Dhapewara,DPW
Dharangaon,DXG
Dhareshwar,DRS
Dharewada,DRW
Dharhara,DRH
Dhariwal,DHW
Dharmabad,DAB
Dharmanagar,DMR
Dharmapuri,DPJ
Dharmavaram Junction,DMM
Dharmpur Hmchl,DMP
Dharnaoda,DHR
Dharuadihi,DIH
Dharur,DRR
Dharwar,DWR
Dhasa Junction,DAS
Dhatrigram,DTAE
Dhaulpur,DHO
Dhauni,DWLE
Dhaura,DUA
Dhavalas,DHS
Dheena,DHA
Dhekiajili Road,DKJR
Dhekvad,DWD
Dhemaji,DMC
Dhengli Pp Goan,DGPP
Dhenkanal,DNKL
Dhilwan,DIW
Dhinda,DHND
Dhirera,DHRR
Dhodhar,DOD
Dhodra Mohar,DOH
Dhoki,DKY
Dhola Junction,DLJ
Dholi,DOL
Dholipal,DPK
Dhondi,DNDI
Dhone,DNC
Dhone,DHNE
Dhoraji,DJI
Dhrangdhra,DHG
Dhuankheri,DKRA
Dhubri,DBB
Dhubulia,DHU
Dhule,DHI
Dhulghat,DGT
Dhulian Ganga,DGLE
Dhulkot,DKT
Dhupguri,DQG
Dhuri Junction,DUI
Dhurwasin,DRSN
Dhutra,DTV
Dibrugarh,DBRG
Dibrugarh Town,DBRT
Didwana,DIA
Digaru,DGU
Digboi,DBY
Digha Flag Stn,DGHA
Dighwara,DGA
Digod,DXD
Diguvametta,DMT
Dihakho,DKE
Dijaobra,DJB
Dilawarnagar,DIL
Dildarnagar Junction,DLN
Dilmili,DMK
Dilwa,DLW
Dimapur,DMV
Dina Nagar,DNN
Dindigul Junction,DG
Diphu,DPU
Diplana,DPLN
Disa,DISA
Ditokcherra,DTC
Diva,DIVA
Divine Nagar,DINR
Diwankhavati,DWV
Diyatara Road,DTRD
Diyodar,DEOR
Dodballapur,DBU
Dodbele,DBL
Dodhi,DHE
Doikallu,DKLU
Doiwala,DWO
Dokwa,DKWA
Domingarh,DMG
Donakonda,DKD
Dondaicha,DDE
Dongargarh,DGG
Donkinavalasa,DNV
Doraha,DOA
Dornakal Junction,DKJ
Dosvada,DSD
Dubaha,DUBH
Dubrajpur,DUJ
Duddhinagar,DXN
Dudhani,DUD
Dudhwakhara,DKX
Duganpur,DUN
Duggirala,DIG
Duliajan,DJG
Dullahapur,DLR
Dulrasar,DUS
Dum Dum,DDJ
Dumariya,DY
Dumka,DUMK
Dumraon,DURE
Dumri Bihar,DMBR
Dumri Halt,DMRX
Dumri Juara,DRI
Dumurdaha,DMLE
Dumuriput,DMRT
Dundi,DDCE
Dundlod Mkdgrh,DOB
Dungarpur,DNRP
Dungri,DGI
Dungripali,DJX
Duraundha Junction,DDA
Durg,DURG
Durgada Gate,DGDG
Durgapur,DGR
Durgapura,DPA
Durgauti,DGO
Duroji,DAJ
Dusi,DUSI
Duvvada,DVD
Dwarapudi,DWP
Dwarka,DWK
Edavai,EVA
Edduladoddi,EDD
Ekambarakuppam,EKM
Ekangarsarai,EKR
Ekchari,EKC
Eklakhi,EKI
Ekma,EM
Ekma,EKMA
Elimala,ELM
Ellamanchili,YLM
Ellenabad,ENB
Eluru,EE
Eranakulam Junction,ERS
Eraniel,ERL
Ernakulam Town,ERN
Erode Junction,ED
Errupalem,YP
Etawah,ETW
Etmadpur,ETUE
Ettapur Road,ETP
Ettumanur,ETM
Ezhukone,EKN
Faizabad Junction,FD
Faizullapur,FYZ
Fakiragram Junction,FKM
Falakata,FLK
Falna,FA
Farah Town,FHT
Faridabad,FDB
Faridabad Nw Tn,FDN
Faridkot,FDK
Farrukhabad,FBD
Fateh Singhpura,FSP
Fatehabad Ch.Jn,FTD
Fatehgarh,FGR
Fatehgarh Sahib,FGSB
Fatehnagar,FAN
Fatehpur,FTP
Fatehpur Sikri,FTS
Fatehpur Skhwti,FPS
Fatwa,FUT
Fazalpur,FZL
Fazilka,FKA
Ferok,FK
Firozabad,FZD
Firozpur Cant,FZR
Firozpur City,FZP
Forbesganj,FBG
Furkating Junction,FKG
Fursatganj,FTG
G Pochampalli,GDPL
G.Ramachandrapu,GRCP
Gachhipura,GCH
Gadadharpur,GHLE
Gadag Junction,GDG
Gadarwara,GAR
Gadhwala,GDW
Gadiganuru,GNR
Gadwal,GWD
Gahlota,GLTA
Gahmar,GMR
Gaipura,GAE
Gajapatinagaram,GPI
Gajjelakonda,GJJ
Gajner,GJN
Gajraula Junction,GJL
Gajsinghpur,GJS
Galgalia,GAGA
Galudih,GUD
Gambhiri Road,GRF
Gamharia,GMH
Ganagapur Road,GUR
Ganaur,GNU
Gandhidham Bg,GIMB
Gandhidham Junction.,GIM
Gandhinagar Cap,GNC
Gandhinagar Jpr,GADJ
Gandhipuram Hal,GHPU
Gandhismriti,GNST
Ganeshganj,GAJ
Gangadhara,GGAR
Gangadharpur,GNGD
Gangaganj,GANG
Gangaghat,GAG
Gangajhari,GJ
Gangakher,GNH
Gangani,GNNA
Gangapur City,GGC
Gangarampur,GRMP
Gangiwara,GNW
Gangrar,GGR
Gangsar Jaitu,GJUT
Ganj Basoda,BAQ
Ganj Dundwara,GWA
Ganjam,GAM
Gankar,GALE
Gannavaram,GWM
Garh Dhrubeswar,GRB
Garh Jaipur,GUG
Garhara,GHX
Garhbeta,GBA
Garhi Harsaru,GHH
Garhi Manikpur,GRMR
Garhmuktesar,GMS
Garhmuktesar Br,GGB
Garhwa,GHQ
Garifa,GFAE
Garividi,GVI
Garla,GLA
Garot,GOH
Garpos,GPH
Garudubilli,GRBL
Garwa Road,GHD
Gatora,GTW
Gaura,GRX
Gauri Bazar,GB
Gauribidanur,GBD
Gauriganj,GNG
Gauripur,GUP
Gaushala,GWS
Gautamdhara,GATD
Gautamsthan,GTST
Gaya Junction,GAYA
Gayabari,GBE
Gazole,GZO
Gazulapalli,GZL
Gede,GEDE
Gegal Akhri,GEK
Geratpur,GER
Getor Jagatpura,GTJT
Gevra Road,GAD
Ghadela,GELA
Ghagghar,GHG
Ghagwal,GHGL
Ghanauli,GANL
Ghanpur,GNP
Ghantikhal Ndpr,GHNH
Gharaunda,GRA
Ghaso,GSO
Ghat Nandur,GTU
Ghataka Varana,GKB
Ghatampur,GTM
Ghatera,GEA
Ghatkesar,GT
Ghatprabha,GPB
Ghatsila,GTS
Ghaziabad,GZB
Ghazipur City,GCT
Ghoga,GGA
Ghoksadanga,GDX
Gholvad,GVD
Ghonsor,GNS
Ghoradongri,GDYA
Ghorawadi,GRWD
Ghorpuri,GPR
Ghosunda,GSD
Ghughuli,GH
Ghum,GHUM
Ghunghuti,GGT
Ghutku,GTK
Gidam,GIZ
Giddalur,GID
Giddarbaha,GDB
Gidhaur,GHR
Gidni,GII
Ginigera,GIN
Giridih,GRD
Girimaidan,GMDN
Girwar,GW
Goaldih,GADH
Goalpara Town,GLPT
Godamgura,GDQ
Godavari,GVN
Godhra Junction,GDA
Gogameri,GAMI
Gogamukh,GOM
Gogamukh,PDKN
Gohad Road,GOA
Gohana,GHNA
Gohpur,GPZ
Goilkera,GOL
Gokak Road,GKK
Gokarna Road,GOK
Gokulpur,GKL
Gola Gokaranath,GK
Gola Road,GRE
Golaghat,GLGT
Golakganj Jn,GKJ
Goldinganj,GJH
Goldingganj,GALG
Gollaprolu,GLP
Golsar,GOZ
Gomati Nagar,GTNR
Gomoh Junction,GMO
Gomta,GTT
Gonda Junction,GD
Gondal,GDL
Gondia Junction,G
Gondwanavisapur,GNVR
Goneana,GNA
Gooty,GY
Gop Jam,GOP
Gopalapatnam,GPT
Gora Ghuma,GGM
Gorakhnath,GRKN
Gorakhpur Cant,GKC
Gorakhpur City,GKY
Gorakhpur Junction,GKP
Gorapur,GPJ
Goraul,GRL
Goraya,GRY
Goregaon Road,GNO
Goresuar,GVR
Goriyan,GIO
Gosalpur,GSPR
Goshainganj,GGJ
Gossaigaon Hat,GOGH
Gotan,GOTN
Gothaj,GTE
Gothangam,GTX
Gotlam,GTLM
Gour Malda,GZM
Goverdhan,GDO
Govindgarh,GVG
Govindgarh Malk,GND
Govindpur Road,GBX
Govindpuri,GOV
Govindpuri,GOY
Gowdavalli,GWV
Gubbi,GBB
Gudaparti,GDPT
Gudgeri,GDI
Gudimetta,GMA
Gudivada Junction,GDV
Gudiyattam,GYM
Gudlavalleru,GVL
Gudma,GDM
Gudru Halt,GDU
Gudupulli,GDP
Gudur Junction,GDR
Gujhandi,GJD
Gulabhganj,GLG
Gulabpura,GBP
Gulaothi,GLH
Gulbarga,GR
Guldhar,GUH
Guledagudda Road,GED
Gullaguda,GGD
Gullipadu,GLU
Gulzarbagh,GZH
Gumada,GMDA
Gumani,GMAN
Gumia,GMIA
Gumman,GMM
Gummidipundi,GPD
Gumthal,GTF
Guna,GUNA
Gunadala,GALA
Gundalukamma,GKM
Gundardehi,GDZ
Guntakal Junction,GTL
Guntur Junction,GNT
Guptipara,GPAE
Gur Market,GRMT
Guramkhedi,GMD
Guraru,GRRU
Gurdaspur,GSP
Gurgaon,GGN
Gurhi,GUX
Guriya,GRI
Gurla,GQL
Gurpa,GAP
Gurra,GRO
Gursahaiganj,GHJ
Guru Harsahai,GHS
Guruvayur,GUV
Guskara,GKH
Guwahati,GHY
Guwarighat,GRG
Gwalior,GWL
Gyanpur Road,GYN
H Nizamuddin,NZM
Habibganj,HBJ
Habibwala,HBW
Hadapsar,HDP
Haddinagundu,HDD
Hadmadiya,HRM
Hadmatiya Junction,HM
Hadyal,HYL
Hafizpeta,HFZ
Hafizpur,HZR
Haflong Hill,HFG
Hagari,HGI
Haiaghat,HYT
Haidarnagar,HDN
Haidergarh,HGH
Hajipur Junction,HJP
Hakimpur,HKP
Halakatta,HLKT
Haldaur,HLDR
Haldi Road,HLDD
Haldia,HLZ
Haldibari,HDB
Haldipada,HIP
Haldwani,HDW
Halisahar,HLR
Halvad,HVD
Hamarapur,HMRR
Hamira,HMR
Hamirgarh,HMG
Hamirpur Road,HAR
Hamitonganj,HOJ
Hamsavaram,HVM
Hanakere,HNK
Handia Khas,HDK
Hansi,HNS
Hansiawas,HSWS
Hanuman Station,HNMN
Hanumangarh Junction,HMH
Hanumangarhtown,HMO
Hanwant,HWT
Hapa,HAPA
Hapur,HPU
Harangajao,HJO
Harangul,HGL
Haranya Kheri,HKH
Harauni,HRN
Harchandpur,HCP
Harda,HD
Hardas Bigha,HDE
Hardattpur,HDT
Hardoi,HRI
Hardua,HDU
Hargaon,HA
Harichandanpur,HCNR
Haridwar Junction,HW
Harihar,HRR
Harinagar,HIR
Harippad,HAD
Haripur,HP
Harischandrpur,HCR
Harishanker Road,HSK
Harkia Khal,HKL
Harmuti,HMY
Harnaut,HRT
Harpalganj,HRPG
Harpalpur,HPP
Harrad,HRV
Harrawala,HRW
Harri,HRB
Harsauli,HSI
Harsud,HRD
Harthala,HRH
Hasanparthi Road,HSP
Hasanpur Road,HPO
Hasimara,HSA
Hassan,HAS
Hathbandh,HN
Hathidah Junction,HTZ
Hathidah Upper,HTZU
Hathras City,HTC
Hathras Junction,HRS
Hathras Road,HTJ
Hathuran,HAT
Hatia,HTE
Hatikhali,HTL
Hatkanagale,HTK
Hatpuraini,HPLE
Haveri,HVR
Hazaribagh Road,HZD
Hbl Nagar,HBLN
Hebbal,HEB
Hejjala,HJL
Helem,HML
Hemagiri,HGR
Her,HER
Hijilli,HIJ
Hilara,HLX
Hilligrove,HLG
Hilsa,HIL
Himayatnagar,HEM
Himmatnagar,HMT
Hindaun City,HAN
Hindupur,HUP
Hinganghat,HGT
Hingoli Deccan,HNL
Hira Nagar,HRNR
Hirakud,HKG
Hirdagarh,HRG
Hirenanduru,HQR
Hirnoda,HDA
Hisar,HSR
Hodal,HDL
Hojai,HJI
Hol,HOL
Holalkere,HLK
Holambi Kalan,HUK
Hole Alur,HLAR
Hole Narsipur,HLN
Hombal,HBL
Honnavar,HNA
Hooghly Ghat,HYG
Hosdurga Road,HSD
Hoshangabad,HBD
Hoshiarpur,HSX
Hospet Junction,HPT
Hosur,HSRA
Hotgi,HG
Howbadh Jablpur,HBG
Howrah Junction,HWH
Hubli Junction,UBL
Hunsihadgil,HHD
Hyderabad Decan,HYB
Ib,IB
Ibrahimpur,IMR
Ichauli,ICL
Ichchpuram,IPM
Ichhapur,IP
Idaplli,IPL
Idgah Agra Junction,IDH
Igatpuri,IGP
Ikkar,IKK
Iklehra,IKR
Indapur,INP
Indara Junction,IAA
Indargarh,IDG
Indargarh,IDGH
Indi Road,IDR
Indore Junction Bg,INDB
Indore Jn Mg,INDM
Indrabil,IBL
Ipurupalem,IPPM
Iqbal Gadh,IQG
Iqbalpur,IQB
Iravipuram,IRP
Irinjalakuda,IJK
Irugur,IGU
Isand,EN
Isarda,ISA
Isarwara,ISH
Islampur,IPR
Ismaila Haryana,ISM
Ismailpur,IMGE
Itarsi Junction,ET
Itola,ITA
Itwari,ITR
Izzatnagar,IZN
Jabalpur,JBP
Jabli,JBL
Jabri,JBX
Jadcherla,JCL
Jagadhri,JUD
Jagadhri Wshop,JUDW
Jagadishpur,JGD
Jagatbela,JTB
Jagdalpur,JDB
Jagesharganj,JGJ
Jagi Road,JID
Jagraon,JGN
Jagudan,JDN
Jai Samand Road,JYM
Jaipur,JP
Jairamnagar,JRMG
Jais,JAIS
Jaisalmer,JSM
Jaithari,JTI
Jaitipur,JTU
Jaitsar,JES
Jaitwar,JTW
Jajiwal,JWL
Jajpur K Road,JJKR
Jakhal Junction,JHL
Jakhalabandha,JKB
Jakhalaun,JLN
Jakhanian,JKN
Jakhapura,JKPR
Jakhim,JHN
Jakhvada,JKA
Jalalganj,JLL
Jalalpur Dhai,JPD
Jalamb Junction,JM
Jalandhar Cant,JRC
Jalandhar City,JUC
Jalargarh,JAG
Jalesar Road,JLS
Jaleswar,JER
Jalgaon Junction,JL
Jalindri,JNRI
Jaliya Devani,JALD
Jallalabd,JBD
Jalna,J
Jalor,JOR
Jalpaiguri,JPG
Jalpaiguri Road,JPE
Jalsu,JAC
Jam Jodhpur Junction,JDH
Jam Wanthali,WTJ
Jama,JAMA
Jamalpur Junction,JMP
Jambara,JMV
Jamdha,JMD
Jamga,JMG
Jamikunta,JMKT
Jamirghata,JMQ
Jammu Tawi,JAT
Jamnagar,JAM
Jamsar,JMS
Jamtara,JMT
Jamui,JMU
Jamunamukh,JMK
Jamunia Kalan,JMKL
Janakpur Road,JNR
Jandiala,JNL
Jandrapeta,JAQ
Jangaon,ZN
Janghai Junction,JNH
Jangipur Road,JRLE
Jankampet Junction,JKM
Janwal,JOA
Jaora,JAO
Japla,JPL
Jaraikela,JRA
Jarandeshwar,JSV
Jarangdih,JAN
Jargaon,JRJ
Jaroli,JRLI
Jarti,JRT
Jarwal Road,JLD
Jasidih Junction,JSME
Jasra,JSR
Jaswantgarh,JSH
Jaswantnagar,JGR
Jath Road,JTRD
Jatinga,JTG
Jatkanhar,JTR
Jaunpur City,JOP
Jaunpur Junction,JNU
Jawad Road,JWO
Jawaharnagar,JWNR
Jawaharnagar,JWHR
Jawai Bandh,JWB
Jawali,JAL
Jayasingpur,JSP
Jaynagar,JYG
Jehanabad,JHD
Jejuri,JJR
Jeonara Ph,JONR
Jeonathpur,JEP
Jeruwa Khera,JRK
Jetalsar Junction,JLR
Jethi,JTY
Jeur,JEUR
Jeypore,JYP
Jgmbla Kshnprm,JBK
Jhajha,JAJ
Jhalawar Road,JHW
Jhalida,JAA
Jhalwara,JLW
Jhansi Junction,JHS
Jhantipahari,JPH
Jhapater Dhal,JTL
Jhargram,JGM
Jharia,JRI
Jharradih,JDI
Jharsuguda Junction,JSG
Jhilmili,JLY
Jhimri,JHMR
Jhingura,JHG
Jhinjhak,JJK
Jhulasan,JUL
Jhunjhunun,JJN
Jhunpa,JUP
Jiaganj,JJG
Jigna,JIA
Jimidipeta,JMPT
Jind Junction,JIND
Jinti Road,JNTR
Jiradei,ZRD
Jiradei,ZRDE
Jirania,JRNA
Jirat,JIT
Jirwan,JRWN
Jite,JITE
Jiyapuram,JPM
Jmtra Paraswara,JPV
Jo Jagabor,JO
Jodhpur Junction,JU
Jogal,JOL
Jogbani,JBN
Jogendranagar,JGNR
Jogi Magra,JOM
Jogighopa,JPZ
Jolarpettai,JTJ
Jonha,JON
Jorai,JOQ
Joramow,JRW
Joravasan,JRS
Jorawarnagar Junction,JVN
Jorhat Town,JTTN
Joychandi Pahar,JOC
Jugaur,JRR
Jugpura,JRG
Jujumura,JUJA
Jukehi,JKE
Julana,JNA
Junagadh Junction,JND
Jung Bahadurgnj,JBG
Junnor Deo,JNO
Jutogh,JTO
Jwalapur,JWP
Kabakaputtur,KBPR
Kacheguda,KCG
Kachewani,KWN
Kachhia Bridge,KCO
Kachnara Road,KCNR
Kachujor,KOX
Kadakavur,KVU
Kadakola,KDO
Kadalundi,KN
Kadambur,KDU
Kadavakuduru,KVDU
Kadaynallur,KDNL
Kadethan,KDTN
Kadipur,KDQ
Kadiri,KRY
Kadiyan,KYM
Kadur,DRU
Kafurpur,KFPR
Kahalgaon,CLG
Kahet,KRAI
Kahiliya,KH
Kaialsa,KIV
Kaikolur,KKLR
Kaikoram,KKRM
Kailahat,KYT
Kailasapuram,KLPM
Kaimganj,KMJ
Kairla,KAI
Kaithal,KLE
Kaithalkuchi,KTCH
Kajgaon,KJ
Kajoragram,KJME
Kajra,KJH
Kajrat Nawadih,KYF
Kakapora,KAPE
Kakarghatti,KKHT
Kakinada Port,COA
Kakinada Town,CCT
Kakirigumma,KKGM
Kaklur,KKLU
Kakori,KKJ
Kala Akhar,KQE
Kalachand,KQI
Kaladehi,KDHI
Kalamb Road,KMRD
Kalamboli,KLMC
Kalamboli,KLMG
Kalamna,KAV
Kalana,KALN
Kalanaur Kalan,KLNK
Kalanwali,KNL
Kalapipal,KPP
Kaldhari,KLDI
Kalgupur,KCP
Kalhar,KAH
Kali Sindh,KSH
Kalian Chak,KXE
Kalianpur,KAP
Kalinarynpur Junction,KLNP
Kalipahari,KPK
Kaliyanganj,KAJ
Kalka,KLK
Kalkund,KKD
Kallakkudi Plgh,KKPM
Kallal,KAL
Kalligudi,KGD
Kallkiri,KCI
Kalluru,KLU
Kalmeshwar,KSWR
Kalmitar,KLTR
Kalol,KLL
Kalpi,KPI
Kalsur,KVS
Kalunga,KLG
Kalupara Ghat,KAPG
Kalyan Junction,KYN
Kalyani,KYI
Kalyanpur Road,KPRD
Kamakhya,KYQ
Kamakhyaguri,KAMG
Kamalapuram,KKM
Kamalganj,KLJ
Kamalnagar,KMNR
Kamalpurgram,KLPG
Kamalur,KMLR
Kamarbandha Ali,KXL
Kamareddi,KMC
Kamarkundu,KQU
Kamasamudram,KSM
Kamathe,KMAH
Kamli,KMLI
Kamptee,KP
Kampur,KWM
Kamshet,KMST
Kamtaul,KML
Kanakpura,KKU
Kanalas Junction,KNLS
Kanas Road,KASR
Kanchipuram,CJ
Kanchrapara,KPA
Kandaghat,KDZ
Kandarpur,KDRP
Kandel Road,KDLR
Kandra,KND
Kandrori,KNDI
Kanginhal,KGX
Kanhaipur,KNHP
Kanhangad,KZE
Kanhegaon,KNGN
Kanil,KANJ
Kanina Khas,KNNK
Kaniwara,KWB
Kaniyapuram,KXP
Kanjari Boriyav,KBRV
Kankaha,KKAH
Kankanadi,KNKD
Kankather,KHE
Kankavali,KKW
Kanki,KKA
Kankinara,KNR
Kannapuram,KPQ
Kannauj,KJN
Kannur,CAN
Kanoh,KANO
Kanpur Anwrganj,CPA
Kanpur Central,CNB
Kanshbahal,KXN
Kansrao,QSR
Kantabanji,KBJ
Kantadih,KTD
Kantakapalle,KPL
Kanth,KNT
Kanthan Junction,KNHN
Kanthi P H,KATI
Kanwalpura,KIW
Kanwat,KAWT
Kanyakumari,CAPE
Kapan,KPNA
Kapasan,KIN
Kapilas Road,KIS
Kappil,KFI
Kapren,KPZ
Kapseti,KEH
Kaptanganj Junction,CPJ
Kapurdha Halt,KPDH
Kapurthala,KXH
Karaboh,KRBO
Karad,KRD
Karagola Road,CRR
Karaikal,KIK
Karaikkudi Junction,KKDI
Karaila Road Junction,KRLR
Karajgi,KJG
Karak Bel,KKB
Karakavalasa,KVLS
Karambeli,KEB
Karamelaram,CRLM
Karamnasa,KMS
Karamtola,KRMA
Karanjadi,KFD
Karanjgaon,KAJG
Karanpur Ato,KPTO
Karauta,KWO
Karavadi,KRV
Karbigwan,KBN
Karchana,KCN
Karchha,KDHA
Kareli,KY
Karengi,KEG
Karepalli,KRA
Karepur,KRPR
Kargi Road,KGB
Karhiya Bhadeli,KYX
Kariganuru,KGW
Karimganj Junction,KXJ
Karimnagar,KRMR
Karimuddin Pur,KMDR
Karisath,KRS
Karjat,KJT
Karjoda,KRJD
Karkeli,KKI
Karkheli,KEK
Karmad,KMV
Karmali,KRMI
Karna,KAR
Karnal,KUN
Karonda,KOA
Karonji,KJZ
Karpurigram,KPGM
Kartarpur,KRE
Karunagapalli,KPY
Karur,KRR
Karwar,KAWR
Kasara,KSRA
Kasaragod,KGQ
Kasganj,KSJ
Kashi,KEI
Kashi Chak,KSC
Kashipur,KPV
Kashipura Sarar,KSPR
Kashti,KSTH
Kasim Kota Halt,KCH
Kasimkota,KSK
Kasimpur,KCJ
Kastha,KSTA
Kasu,KASU
Katakhal Junction,KTX
Katareah,KTRH
Kathara Road,KTRR
Kathghar,KGF
Kathgodam,KGM
Kathleeghat,KEJ
Kathua,KTHU
Katihar Junction,KIR
Katni,KTE
Katni Murwara,KMZ
Katni South,KTES
Katol,KATL
Katora,KTO
Katpadi Junction,KPD
Katra,KEA
Katrasgarh,KTH
Katwa,KWAE
Kaurha,KUF
Kavali,KVZ
Kavathe Mahankl,KVK
Kavutaram,KVM
Kawargaon,KWGN
Kayalpattinam,KZY
Kayamsar,QMRS
Kayankulam Junction,KYJ
Kayar,KAYR
Kazhakuttam,KZK
Kazipet Junction,KZJ
Kcg Falaknuma,FM
Keckhi,KCKI
Kedgaon,KDG
Kelod,KLOD
Kelva Road,KLV
Kem,KEM
Kemri,KEMR
Kendposi,KNPS
Kendrapara Road,KNPR
Kendujhargarh,KDJR
Kendukana,KDKN
Kengeri,KGI
Keolari,KLZ
Kesamudram,KDM
Kesavaram,KSVM
Keshavganj,KVJ
Keshod,KSD
Keshorai Patan,KPTN
Kesinga,KSNG
Kesri Singhpur,KESR
Ketti,KXT
Keutguda,KTGA
Khachrod,KUH
Khada,KZA
Khadapa,KDPA
Khadki,KK
Khaga,KGA
Khagaria Junction,KGG
Khagraghat Road,KGLE
Khairar Junction,KID
Khairatabad Dcn,KQD
Khairthal,KRH
Khajauli,KJI
Khajuraho,KURJ
Khalari,KLRE
Khalilabad,KLD
Khalilpur,KIP
Khalispur,KSF
Khallikot,KIT
Khaltipur,KTJ
Khamargachhi,KMAE
Khambhaliya,KMBL
Khamgaon,KMN
Khammam,KMT
Khana Junction,KAN
Khanapur,KNP
Khandala,KAD
Khandbaara,KBH
Khandip,KNDP
Khandwa,KNW
Khanna,KNN
Khanna Banjari,KHBJ
Khanyan,KHN
Khapri Kheda,KPKD
Kharagpur Junction,KGP
Kharak,KHRK
Kharia Khangarh,KXG
Khariar Road,KRAR
Kharsaliya,KRSA
Kharsia,KHS
Kharwa,KRW
Kharwa Chanda,KRCD
Khat,KHAT
Khatauli,KAT
Khatgaon,KHTG
Khatima,KHMA
Khatipura,KWP
Khatu,KHTU
Khed,KHED
Kheduli,KQW
Khemli,KLH
Khera Kalan,KHKN
Kheri Salwa,KSW
Kheril,KL
Kheta Sarai,KS
Khileriyan,KLYN
Khimel,KZQ
Khinaniyan,KNNA
Khirkiya,KKN
Khirsadoh Junction,KUX
Khodiyar,KHD
Khodiyar,KHDB
Khodri,KOI
Khoirabari,KBY
Khongsara,KGS
Khorason Road,KRND
Khori,KORI
Khudiram B Pusa,PUV
Khudiram B Pusa,KRBP
Khumtai,KUTI
Khunkhuna,KKNA
Khurai,KYE
Khurda Road Junction,KUR
Khurdpur,KUPR
Khurhand,KHU
Khurial,KWE
Khurja City,KJY
Khurja Junction,KRJ
Khusropur,KOO
Khutaha,KTHA
Khutbav,KTT
Kichha,KHH
Kikakui Road,KKRD
Kila Kadaiyam,KKY
Kila Raipur,QRP
Kilikollur,KLQ
Kim,KIM
Kinwat,KNVT
Kirakat,KCT
Kirandul,KRDL
Kiraoli,KLB
Kiratgarh,KRTH
Kiratpur Sahib,KART
Kirihrapur,KER
Kirloskarvadi,KOV
Kiroda,KRC
Kirodimalnagar,KDTR
Kishanganj,KNE
Kishangarh,KSG
Kishanpur,KSP
Kisoni,KONY
Kistamsettipali,KSTE
Kita,KITA
Kiul Junction,KIUL
Kivarli,KWI
Kiwar Khed,HKR
Kochuveli,KCVL
Kodaganur,KAG
Kodaikanal Road,KQN
Kodavaluru,KJJ
Koderma,KQR
Kodi,KODI
Kodiyar Mandir,KDMR
Kodumudi,KMD
Koduru,KOU
Koelwar,KWR
Kohir Deccan,KOHR
Koiripur,KEPR
Kokrajhar,KOJ
Kolad,KOL
Kolakalur,KLX
Kolanukonda,KAQ
Kolaras,KLRS
Kolayat,KLYT
Kolda,KFF
Kolkata,CP
Kolkata,KOAA
Kollam Junction,QLN
Kollikhutaha,KKTA
Kolnur,KOLR
Komakhan,KMK
Komatipalli,KMX
Kondagunta,KQA
Kondapalli,KI
Kondapuram,KDP
Kopa Samhota,KPS
Kopai,KPLE
Kopargaon,KPG
Koparia,KFA
Koppal,KBL
Koradih,KRDH
Korahia,KRHA
Korai Halt,KRIH
Koraput,KRPU
Korba,KRBA
Koregaon,KRG
Korukkupet Junction,KOK
Korukonda,KUK
Kosad,KSE
Kosamba Junction,KSB
Kosgi,KO
Kosi Kalan,KSV
Kot Fatteh,KTF
Kot Kapura,KKP
Kota Junction,KOTA
Kotabommali,KBM
Kotala,KEN
Kotalpukur,KLP
Kotana,KTOA
Kotapar Road,KPRR
Kotarlia,KRL
Kotdwara,KTW
Kothar,KTR
Kothari Road,KTHD
Koti,KOTI
Kotikulam,KQK
Kotlakheri,KTKH
Kotli Kalan,KTKL
Kotma,KTMA
Kotmi Sonan Hlt,KTSH
Kotshila,KSX
Kotta Pndlpalli,KPLL
Kottapalli,KYOP
Kottarakara,KKZ
Kottavalasa,KTV
Kottayam,KTYM
Kovilpatti,CVP
Kovvur,KVR
Kozhikode,CLT
Krishanrajanaga,KRNR
Krishna,KSN
Krishna Canal,KCC
Krishna Ch Pura,KCV
Krishnama Kona,KEF
Krishnapur,KRP
Krishnarajapurm,KJM
Krishnashilla,KRSL
Krishngr Cty Junction,KNJ
Kuchaman City,KMNC
Kuchman,KCA
Kudachi,KUD
Kudal,KUDL
Kudalnagar,KON
Kudatini,KDN
Kudra,KTQ
Kudsad,KDSD
Kuhuri,KUU
Kukra Khapa,KFP
Kulali,KUI
Kulem,QLM
Kulharia,KUA
Kulitalai,KLT
Kulitthurai,KZT
Kulitturai West,KZTW
Kulpahar,KLAR
Kulti,ULT
Kulwa,KLA
Kumar Sadra,KMSD
Kumardubi,KMME
Kumarghat,KUGT
Kumarhatti,KMTI
Kumbakonam,KMU
Kumbhraj,KHRJ
Kumbla,KMQ
Kumedpur,KDPR
Kumhar Marenga,KMEZ
Kumhari,KMI
Kumrabad Rohini,KBQ
Kumsi,KMSI
Kumta,KT
Kumtha Khurd,KTKR
Kunda Harnamgnj,KHNM
Kundalgarh,KDLG
Kundapura,KUDA
Kundara,KUV
Kundara East,KFV
Kundarkhi,KD
Kundgol,KNO
Kuneanganj,KVG
Kuneru,KNRT
Kunki,KZU
Kuntighat,KJU
Kupgal,KGL
Kuppam,KPN
Kurali,KRLI
Kurduvadi,KWV
Kurgunta,KQT
Kuri,KIF
Kurichedu,KCD
Kurla Junction,CLA
Kurlas,KRLS
Kurnool Town,KRNT
Kursela,KUE
Kurseong,KGN
Kurukshetra Junction,KKDE
Kurumbur,KZB
Kushtala,KTA
Kushtaur,KSU
Kusmhi,KHM
Kutralam,KTM
Kuttippuram,KTU
Kyataneakeri Rd,KTK
Kyatsandra,KIAT
Laban,LBN
Labha,LAV
Lachhmangarh Sk,LNH
Lachhmanpur,LMN
Lachyan,LHN
Ladda,LDX
Ladhowal,LDW
Ladnun,LAU
Ladpura,LR
Lahabon,LHB
Laheria Sarai,LSI
Lahli,LHLL
Lailakh Mamlkha,LMM
Lajpat Nagar,LPNR
Lakadiya,LKZ
Lakheri,LKE
Lakhewali,LKW
Lakhimpur,LMP
Lakhmapur,LKY
Lakhminia,LKN
Lakhna,LKNA
Lakholi,LAE
Lakhtar,LTR
Lakkadkot,LKKD
Lakkavarapukota,LVK
Lakodara,LKD
Laksar Junction,LRJ
Lakshmibai Ngr,LMNR
Lakswa,LXA
Lal Kuan,LKU
Lalaguda Gate,LGDH
Lalawadi,LLD
Lalbagh Crt Road,LCAE
Lalganj,LLJ
Lalgarh Junction,LGH
Lalgola,LGL
Lalgopalganj,LGO
Lalgudi,LLI
Lalit Lakshmipr,LLPR
Lalitpur,LAR
Lalpur,LLR
Lalpur Jam,LPJ
Lalpur Umri,LRU
Lalru,LLU
Lamana,LNA
Lambhua,LBA
Lamta,LTA
Landaura,LDR
Langting,LGT
Lanjigarh Road,LJR
Lanka,LKA
Lar Road,LRD
Lasalgaon,LS
Laseri,LSE
Lasur,LSR
Latehar,LTHR
Latemda,LMTD
Lathidad,LTD
Latur,LUR
Latur Road,LTRR
Laxmipur Road,LKMR
Ledo,LEDO
Lehra Gaga,LHA
Lekoda,LOD
Leliguma,LLGM
Lidhora Khurd,LDA
Liliya Mota,LMO
Limbdi,LM
Limbgaon,LBG
Limkheda,LMK
Linga,LIG
Lingampalli,LPI
Linganenidoddi,LMD
Lingti,LNT
Lodipur Bishnpr,LDP
Loha,LOHA
Loharu,LHU
Loharwara,LHW
Lohian Khas Junction,LNK
Loisingha,LSX
Lokdhikhera,LDE
Lokmanya Nagar,LKMN
Lokmanyatilak T,LTT
Lonand,LNN
Lonavala,LNL
Londa Junction,LD
Longrangajao,LJO
Loni,LONI
Lorha,LOA
Lotapahar,LPH
Lotarva,LTV
Lovedale,LOV
Lower Haflong,LFG
Luckeesarai Junction,LKR
Lucknow City,LC
Lucknow Ne,LJN
Lucknow Nr,LKO
Ludhiana Junction,LDH
Lumding Junction,LMG
Luni Junction,LUNI
Luni Richha,LNR
Lunkaransar,LKS
Lusa,LUSA
Lusadiya,LSD
Macharya,MCV
Machavaram,MCVM
Machelipatnam,MTM
Machhakunda,MKRD
Madan Mahal,MML
Madanapalle Road,MPL
Madankata,MNC
Madanpur,MPJ
Madar,MD
Madar Jn,MDJN
Maddikera,MKR
Maddur,MAD
Madgaon,MAO
Madha,MA
Madhavnagar,MDVR
Madhi,MID
Madhira,MDR
Madhopur Punjab,MDPB
Madhosingh,MBS
Madhubani,MBI
Madhupur Junction,MDP
Madurai Junction,MDU
Madurantakam,MMK
Madure,MADR
Madwarani,MWRN
Maghar,MHH
Magra,MUG
Mahadanapuram,MMH
Mahadevsal,MXW
Mahajan,MHJ
Mahali Marup,MMV
Mahanadi,MHN
Mahanagar,MANG
Mahansar,MWR
Mahasamund,MSMD
Mahbubabad,MABD
Mahbubnagar,MBNR
Mahe,MAHE
Mahendragarh,MHRG
Mahes Khunt,MSK
Mahesana Junction,MSH
Maheshi,MVV
Maheshmunda,MMD
Mahidpur Road,MEP
Mahipal Road,MPLR
Mahmudabad Avdh,MMB
Mahoba,MBA
Maholi,MAHO
Mahpur,MHO
Mahroi,MFQ
Mahuda,MHQ
Mahugarha,MUGA
Mahur,MXR
Mahuva Junction,MHV
Maibang,MBG
Maihar,MYR
Maikalganj,MINJ
Mailani,MLN
Mailaram,MWY
Mailongdisa,MGX
Mainpuri,MNQ
Mairwa,MW
Majbat,MJBT
Majhagawan,MJG
Majhola Pakarya,MJZ
Majhowlia,MJL
Majri Junction,MJRI
Makarpura,MPR
Makhdumpur Gaya,MDE
Makhu,MXH
Makrana Junction,MKN
Makrera,MKRA
Makronia,MKRN
Maksi,MKC
Makudi,MKDI
Makum Junction,MJN
Malakhera,MKH
Malakpet Kcg,MXT
Malancha,MLNH
Malanpur,MLAR
Malarna,MLZ
Malavli,MVL
Malda Town,MLDT
Malegaon Vyenku,MGVK
Malerkotla,MET
Malhar,MAAR
Malhargarh,MLG
Malhour,ML
Maligura,MVG
Malihabad,MLD
Malikpeth,MKPT
Malikpur,MLKP
Malipur,MLPR
Maliya,MALX
Maliya Hatina,MLHA
Maliya Miyana,MALB
Malkajgiri,MJF
Malkapur,MKU
Malkapur Road,MALK
Malkapuram,MLK
Malkhaid Road,MQR
Malkhedi,MAKR
Mallanwala Khas,MWX
Mallappa Gate,MLGT
Mallapur,MLP
Mallarpur,MLV
Malleswaram,MWM
Mallickpur Hat,MKRH
Mallividu,MVW
Malliyala,MYL
Malout,MOT
Malsian Shahkht,MQS
Malthan,MLM
Malur,MLO
Malwan,MWH
Maman,MOM
Mambalam,MBM
Manabar,MVF
Manaksar,MNSR
Manamadurai Junction,MNM
Mananpur,MNP
Mananwala,MOW
Manaparai,MPA
Manauri,MRE
Mancheral,MCI
Mancheswar,MCS
Manda Road,MNF
Mandagere,MGF
Mandal,MDL
Mandalgarh,MLGH
Mandamari,MMZ
Mandapam,MMM
Mandasa Road,MMS
Mandasor,MDS
Mandavalli,MDVL
Mandawar M Road,MURD
Manderdisa,MYD
Mandhar,MDH
Mandi Adampur,ADR
Mandi Bamora,MABA
Mandi Dabwali,MBY
Mandi Dhanaura,MNDR
Mandi Dip,MDDP
Mandir Hasaud,MNDH
Mandor,MDB
Mandrak,MXK
Manduadih,MUV
Mandya,MYA
Manendragarh,MDGR
Mangal Mahudi,MAM
Mangalagiri,MAG
Mangaliyawas,MLI
Mangalore Cntl,MAQ
Mangalore Junction,MAJN
Mangaon,MNI
Mangliya Gaon,MGG
Mangolpuri,MGLP
Mangrolla,MGRL
Mani Nagar,MANI
Manigram,MGLE
Manikgarh,MAGH
Manikpur Junction,MKP
Manikul,MIK
Maninagar,MAN
Maniyachchi Junction,MEJ
Manjari Budruk,MJBK
Manjeshwar,MJS
Manjhi,MHT
Mankapur Junction,MUR
Mankar,MNAE
Mankatha,MKB
Manmad Junction,MMR
Mannargudi,MQ
Manoharabad,MOB
Manoharganj,MNJ
Manoharpur,MOU
Mansa,MSZ
Mansi Junction,MNE
Mantatti,MVH
Manthralayam Road,MALM
Manuguru,MUGR
Manwath Road,MVO
Marahra,MH
Maramjhiri,MJY
Marampalli,MRPL
Mararikulam,MAKM
Marauda,MXA
Marenga,MEZ
Margherita,MRG
Mariahu,MAY
Mariani Junction,MXN
Maripat,MIU
Markahandi U Ht,MQQ
Markapur Road,MRK
Markona,MKO
Markundi,MKD
Maroli,MRL
Marpalli,MRF
Marripalem Ph,MIPM
Marthipalayam,MPLM
Martur,MR
Marwar Balia,MBSK
Marwar Bhinmal,MBNL
Marwar Junction,MJ
Marwar Lohwat,MWT
Marwar Mathanya,MMY
Marwar Mundwa,MDW
Marwasgram,MWJ
Masaipet,ME
Masit,MST
Maskanwa,MSW
Masudan,MSDN
Masur,MSR
Matheran,MAE
Mathura Cant,MRT
Mathura Junction,MTJ
Mathurapur,MUW
Matlabpur,MTB
Matmari,MTU
Mau Aimma,MEM
Mau Junction,MAU
Mau Ranipur,MRPR
Mauhari,MZH
Maula Ali,MLY
Maur,MAUR
Maval,MAA
Mavelikara,MVLK
Mavli Junction,MVJ
Mayakonda,MYK
Mayiladuturai J,MV
Mayyanad,MYY
Mccluskieganj,MGME
Mecheda,MCA
Mecheri Road,MCRD
Medapadu,MPU
Medchal,MED
Meerut Cant,MUT
Meerut City,MTC
Meghnagar,MGN
Mehnar Road,MNO
Mehsi,MAI
Meja Road,MJA
Melattur,MLTR
Melmaruvattur,MLMR
Melusar,MELH
Memari,MYM
Meralgram,MQX
Meramandolil,MRDL
Merta Road Junction,MTD
Metupalaiyam,MTP
Metur Dam,MTDM
Metyal Sohar,MYX
Mewa Nawada,MWE
Mhasoda Dongar,MSDG
Mhmdvd Kheda Road,MHD
Mhow,MHOW
Midnapore,MDN
Migrendisa,MGE
Mihinpurwa,MIN
Mihrawan,MIH
Milak,MIL
Milavittan,MVN
Minchnal,MNL
Miraj Junction,MRJ
Miranpur Katra,MK
Mirchadhori,MCQ
Mirhakur,MIQ
Mirkhal,MQL
Mirthal,MRTL
Miryalaguda,MRGA
Mirza Cheuki,MZC
Mirzapali,MZL
Mirzapur,MZP
Misrauli,MFL
Misrod,MSO
Mitawal,MTI
Mithapur,MTHP
Miyagam Karjan,MYG
Miyana,MYN
Miyana,MINA
Modinagar,MDNR
Modnimb,MLB
Modran,MON
Modukuru,MDKU
Moga,MOGA
Mohadi Prgn Lng,MHAD
Mohammadkhera,MQE
Mohandi,MHND
Mohanlalganj,MLJ
Mohanur,MONR
Mohapani Mal,MPML
Moharajpur,MJP
Mohibullapur,MBP
Mohitnagar,MOP
Mohiuddinnagar,MOG
Mohol,MO
Mohope,MHPE
Mokalsar,MKSR
Mokameh Junction,MKA
Mokholi,MXL
Molakalmuru,MOMU
Mondh,MOF
Monu,MANU
Mor,MOR
Moradabad,MB
Morak,MKX
Moranhat,MRHT
Morappur,MAP
Morbi,MVI
Mordad Tanda,MWK
Mordar,MRDD
Morena,MRA
Morgram,MGAE
Mori Bera,MOI
Morinda,MRND
Morkadhana,MKDN
Morthala,MXO
Morwani,MRN
Moth,MOTH
Motichur,MOTC
Motipur,MTR
Muddanuru,MOO
Mudkhed,MUE
Muftiganj,MFJ
Mugat,MGC
Mughal Sarai Junction,MGS
Muhammadabad,MMA
Muhammadganj,MDJ
Mukerian,MEX
Mukhasa Parur,MKSP
Mukhtiar Balwar,MKT
Muktapur,MKPR
Muktsar,MKS
Mukundarayapurm,MCN
Mukundawadi Ha,MKDD
Mukuria,MFA
Mul Marora,MME
Mulacalacheruvu,MCU
Mulanturutti,MNTT
Mulanur,MAR
Muli Road,MOL
Mulki,MULK
Multai,MTY
Mulvad,MVD
Mumbai Central,BCT
Mumbai Cst,CSTM
Munabao,MBF
Mundalaram,MDLM
Munderwa,MND
Mundha Pande,MPH
Mundhewadi,MVE
Mundikota,MNU
Mungaiakami,MGKM
Mungaoli,MNV
Muniguda,MNGD
Munirabad,MRB
Munroturuttu,MQO
Munumaka,MUK
Mupa,MUPA
Muradnagar,MUD
Muragacha,MGM
Murarai,MRR
Murarpur,MPY
Murdeshwar,MRDW
Murgamahadev Rd,MMVR
Murhipar,MUP
Muri,MURI
Muribahal,MRBL
Murkeongselek,MZS
Murliganj,MRIJ
Mursan,MSN
Murshadpur,MSDR
Murshidabad,MBB
Murtajapur,MZR
Murti,MRTY
Murud,MRX
Murukkampuzha,MQU
Musafir Khana,MFKA
Musra,MUA
Mustabada,MBD
Muzaffarnagar,MOZ
Muzaffarpur Junction,MFP
Muzzampur Nryn,MZM
Mysore Junction,MYS
N Ghaziabad,GZN
N. Panakudi,NPK
Nabadwip Dham,NDAE
Nabenagar Road,NBG
Nabha,NBA
Nabipur,NIU
Nadauj,NDU
Nadbai,NBI
Nadiad Junction,ND
Nadikode,NDKD
Nadwan,NDW
Nagalapalle,NPL
Naganahalli,NHY
Nagansur,NGS
Nagaon,NGAN
Nagappattinam,NGT
Nagar,NGE
Nagar Untari,NUQ
Nagari,NGI
Nagari,NG
Nagaria Sadat,NRS
Nagarnabi,NGF
Nagarsol,NSL
Nagarur,NRR
Nagarwara,NWA
Nagaur,NGO
Nagbhir Junction,NAB
Nagda Junction,NAD
Nager Coil Town,NJT
Nagercoil Junction,NCJ
Nageshwadi Halt,NGHW
Nagina,NGG
Nagireddipalli,NRDP
Naglatula,NGLT
Nagore,NCR
Nagothane,NGTN
Nagpur,NGP
Nagpur Road,NPRD
Naharkatiya,NHK
Naihati Junction,NH
Naikheri,NKI
Naila,NIA
Naini,NYN
Nainpur Junction,NIR
Najibabad Junction,NBD
Nakachari,NCH
Nakodar Junction,NRO
Naksalbari,NAK
Naktisemra,NKX
Nal Halt,NX
Nal Halt,NAL
Nalanda,NLD
Nalbari,NLV
Nalgonda,NLDA
Nalhati Junction,NHT
Nallapadu,NLPD
Naloi Barwa,BVZ
Nalwar,NW
Namakkal,NMKL
Namburu,NBR
Namkhana,NMKA
Namkon,NKM
Namli,NLI
Namrup,NAM
Namtiali,NMT
Nana,NANA
Nandalur,NRE
Nanded,NED
Nandesari,NDR
Nandganj,NDJ
Nandgaon,NGN
Nandgaon Road,NAN
Nandol Dehegam,NHM
Nandre,NDE
Nandura,NN
Nandurbar,NDB
Nandyal,NDL
Nangal Dam,NLDM
Nangloi,NNO
Nanguneri,NNN
Nanjangud Town,NTW
Nanpara Junction,NNP
Napasar,NPS
Naraikkinar,NRK
Naraina,NRI
Naraj Marthapur,NQR
Narangi,NNGE
Naranjipur,NRGR
Naranpur,NANR
Narasapur,NS
Narasaraopet,NRT
Narasingapalli,NASP
Narayanpet Road,NRPD
Narayanpur,NNR
Naraynpur Anant,NRPA
Nardana,NDN
Narela,NUR
Nariaoli,NOI
Narkatiaganj Junction,NKE
Narkher,NRKR
Narnaul,NNL
Naroda,NRD
Narsinghpur,NU
Narsipatnam Road,NRP
Narsipuram Halt,NSX
Narwana Junction,NRW
Narwasi,NRWI
Nashipur Road,NSO
Nasik Road,NK
Nasirabad,NSD
Nasrala,NAS
Nathdwara,NDT
Nathnagar,NAT
Naugachia,NNA
Naugarh,NUH
Naupada Junction,NWP
Nautanwa,NTV
Navabpalem,NBM
Navade Road,NVRD
Navagadh,NUD
Navapur,NWU
Navipet,NVT
Navsari,NVS
Nawa City,NAC
Nawabganj Gonda,NGB
Nawadah,NWD
Nawagaon,NVG
Nawalgarh,NWH
Nawandgi,NAW
Nawapara Road,NPD
Naya Azadpur,NDAZ
Naya Nangal,NNGL
Nayadupeta,NYP
Nayagaon,NYO
Nayagarh,NYG
Nayandahalli,NYH
Nazareth,NZT
Nazirganj,NAZJ
Nekonda,NKD
Nellore,NLR
Nenpur,NEP
Neora,NEO
Neora Naddi,NOR
Nepanagar,NPNR
Neral,NRL
Nergundi,NRG
New Alipurdaur,NOQ
New Amravat,NAVI
New Balarampur,NBPH
New Bongaigaon,NBQ
New Cooch Behar,NCB
New Delhi,NDLS
New Farakka Junction,NFK
New Guntur,NGNT
New Jalpaiguri,NJP
New Katni Junction,NKJ
New Mal Junction,NMZ
New Maynaguri,NMX
New Misamari,NMM
New Morinda,NMDA
New Tinsukia Junction,NTSK
Neyyattinkara,NYY
Nibhapur,NBP
Nidadavolu Junction,NDD
Nidamangalam,NMJ
Nidhani,NDNI
Nidigallu,NDZ
Nidubrolu,NDO
Nigaura,NIQ
Nigohan,NHN
Nihalgarh,NHH
Nilaje,NILD
Nilaje,NIIJ
Nilaje,JNRD
Nilakantheswar,NKW
Nilambur Road,NIL
Nileshwar,NLE
Nilokheri,NLKR
Nim Ka Thana,NMK
Nimach,NMH
Nimar Kheri,NKR
Nimbahera,NBH
Nimbal,NBL
Nimbhora,NB
Nimdih,NIM
Nimpura,NMP
Nimtita,NILE
Nindhar Benar,NDH
Ningala Junction,NGA
Nipani Vadgaon,NPW
Nipania,NPI
Niphad,NR
Nira,NIRA
Nirakarpur,NKP
Nisui,NSU
Nivari,NEW
Nivasar,NIV
Niwar,NWR
Niwas Road,NWB
Niyol,NOL
Nizamabad,NZB
Nizampur,NIP
Nmg Tamdalge,NMGT
Noadar Dhal,NRX
Noamundi,NOMD
Nohar,NHR
Nokha,NOK
Nokhra,NKRA
Nomoda,NMD
Nonera,NNE
Norla Road,NRLR
North Lakhimpur,NLP
Nosaria,NOA
Nowrozabad,NRZB
Nrynpur Tatwar,NNW
Nua,NUA
Nuagaon,NXN
Nudurupadu,NDPU
Nujella,NUJ
Numaligarh,NMGY
Nunkhar,NRA
Nurmahal,NRM
Nuzvid,NZD
Obaidulla Ganj,ODG
Obra Dam,OBR
Obulavaripalli,OBVP
Oddam Hatram,ODC
Odela,OEA
Odha,ODHA
Okha,OKHA
Okhla,OKA
Old Malda,OMLF
Omalur,OML
Omkareshwar Rd,OM
Ondagram,ODM
Ongole,OGL
Orai,ORAI
Orga,ORGA
Osiyan,OSN
Ottappalam,OTP
Pachhapur,PCH
Pachor Road,PFR
Pachora Junction,PC
Pachwan,PNWN
Padadhari,PDH
Padampur,PDF
Padhegaon,PDGN
Padla,PDQ
Padnur,PDNR
Padrauna,POU
Padriganj,PNJ
Padse,PDP
Padua,PFU
Padubidri,PDD
Padugupadu,PGU
Pagla Chandi,PCX
Pahara,PRE
Paharpur,PRP
Paharsar,PRSR
Pakala Junction,PAK
Pakni,PK
Pakur,PKR
Palachauri,PCLI
Palaiyam,PALM
Palakkad,PGT
Palakkodu,PCV
Palakollu,PKO
Palam,PM
Palani,PLNI
Palanpur Junction,PNU
Palari,PUE
Palasa,PSA
Paldhi,PLD
Palej,PLJ
Palghar,PLG
Palghat Town,PGTN
Pali A,PAIL
Pali Marwar,PMY
Palia,PLA
Palia Kalan,PLK
Paliba,PBV
Palikona,POA
Pallikere,PKP
Palliyadi,PYD
Palsana,PLSN
Palsora Makrawa,PSO
Palwal,PWL
Paman,PMN
Pamban Junction,PBM
Pampore,PMPE
Panagarh,PAN
Panapakam,PAM
Panch Pipila,PCN
Panchgram,PNGM
Panchra,PCR
Pandabeswar,PAW
Pandaul,PDW
Pandavapura,PANP
Pandharpur,PVR
Pandhurna,PAR
Pandoli,PMO
Paneli Moti,PLM
Pangaon,PNF
Pangri,PJR
Paniahwa,PNYA
Paniajob,PJB
Panipat Junction,PNP
Panisagar,PASG
Panjgam,PJGM
Panki,PNK
Panoli,PAO
Panpali,PNPL
Panposh,PPO
Panruti,PRT
Pansar,PN
Panskura,PKU
Pantnagar,PBW
Panvel,PNVL
Panyam,PNM
Papanasam,PML
Papinayaknahali,PKL
Paradgaon,PDG
Paradip,PRDP
Paradol,PRDL
Paradsinga Halt,PSK
Paraiya,PRY
Paramakkudi,PMK
Paras,PS
Parashshala,PASA
Parasia,PUX
Parasnath,PNME
Paravur,PVU
Parbati,PRB
Parbhani Junction,PBN
Pardi,PAD
Parewadi,PRWD
Parhihara,PIH
Parisal,PSL
Parli Vaijnath,PRLI
Parmanandpur,PMU
Parpanangadi,PGI
Parsa Bazar,PRBZ
Parsa Khera,PKRA
Parsabad,PSB
Parsipur,PRF
Parsneu,PSV
Parsoda,PSD
Parsoli,PSLI
Partapgarh Junction,PBH
Partur,PTU
Parvatipuram,PVP
Parvatipuram Tn,PVPT
Pasivedala,PSDA
Pasraha,PSR
Patal Pani,PTP
Patansaongi,PTS
Patara,PTRE
Patas,PAA
Pataudi Road,PTRD
Patchur,PU
Pathankot,PTK
Pathankot Cantt,PTKC
Pathardih Bazar,PBQ
Pathardih Junction,PEH
Patharia,PHA
Patharkandi,PTKD
Pathauli,PTLI
Pathrad,PARD
Pathri,PRI
Pathsala,PBL
Patiala,PTA
Patliputra,PPTA
Patna Junction,PNBE
Patna Saheb,PNC
Patranga,PTH
Patratu,PTRU
Patsul,PTZ
Pattambi,PTB
Pattikkad,PKQ
Pavurchutram,PCM
Pawapuri Road,PQE
Payagpur,PDR
Payangadi,PAZ
Payradanga,PDX
Payyanur,PAY
Payyoli,PYOL
Pedabramadvam,PBD
Pedana,PAV
Pedanyknpalayam,PDKM
Pedda Avutapale,PAVP
Peddakurapadu,PKPU
Peddapalli,PDPL
Peddavadiapudi,PVD
Peddempet,PPZ
Pembarti,PBP
Pen,PEN
Pencharthal,PEC
Pendekallu,PDL
Pendra Road,PND
Pendurti,PDT
Pennadam,PNDM
Penukonda,PKD
Penumarru,PUMU
Peppeganj,PJ
Peralam Jn,PEM
Perambur,PER
Perecherla,PRCA
Pergaon,PG
Pernem,PERN
Perunguzhi,PGZ
Pettaivayatalai,PLI
Pgdp,PGDP
Phagwara Junction,PGW
Phalodi,PLC
Phalodi Junction,PLCJ
Phanda,PUD
Phaphamau Junction,PFM
Phaphund,PHD
Phephna Junction,PEP
Phesar,PES
Phiding,PDJ
Phillaur Junction,PHR
Phirangipuram,PPM
Phulera Junction,FL
Phuleswar,FLR
Phulpur,PLP
Phulwari Sharif,PWS
Phulwartanr,PLJE
Phusro,PUS
Piardoba,PBA
Pichkurirdhal,PCQ
Piduguralla,PGRL
Pilamedu,PLMD
Piler,PIL
Pili Bangan,PGK
Pilibhit Junction,PBE
Pilioda,PDZ
Pilkhua,PKW
Pimpalkhuti,PMKT
Pimpri,PMP
Pindlai,PQL
Pindra Road,PDRD
Pindrai,PDE
Pingleshwar,PLW
Pingli,PIZ
Pipalsana,PLS
Pipar Road Junction,PPR
Pipardahi,PED
Pipariya,PPI
Piparsand,POF
Pipla Halt,PQA
Piplaj,PPF
Piplia,PIP
Piplod Junction,PPD
Piploda Bagla,PPG
Pipra,PPA
Pipraich,PPC
Pipraigaon,PIA
Piprala,PFL
Pipri Dih,PPH
Pir Umrod,PUO
Piravam Road,PVRD
Pirdulesha Halt,PRDH
Pirpainti,PPT
Pirtala,PRTL
Pirthiganj,PHV
Pirumadara,PRM
Pirwa,PW
Pitambarpur,PMR
Pithapuram,PAP
Plassey,PLY
Pmbakvl Shandy,PBKS
Pocharam,PCZ
Podanur Junction,PTJ
Pokharni Nrsnha,PKNS
Pokhrayan,PHN
Pokla,PKF
Pokran,POK
Polur,PRL
Ponduru,PDU
Ponmlai Gld Rck,GOC
Pophlaj,PPJ
Porbandar,PBR
Porjanpur,PRNR
Posotia,PST
Pothahi,PFT
Pothia,POT
Potkapalli,PTKP
Potlapadu,POO
Potul,POZ
Powerkheda,PRKD
Powerpet,PRH
Pradhankhunta,PKA
Prantij,PRJ
Prantik,PNE
Prattiapadu,PTPU
Prayag,PRG
Prshtampatnam,PRPT
Ptnsngi Twn Hlt,PSX
Puducherry,PDY
Pudukad,PUK
Pudukkottai,PDKT
Pugalur,PGR
Pukkirivari,PRV
Pulgaon Junction,PLO
Pulla,PUA
Pullampet,PMT
Punalur,PUU
Punarakh,PHK
Pundhag,PNW
Pundi,PUN
Pundooah,PDA
Pune Junction,PUNE
Punkunnam,PNQ
Punpun,PPN
Punsia,PNSA
Puntamba,PB
Puraini,PNI
Puranpur,PP
Purbasthali,PSAE
Puri,PURI
Purna Junction,PAU
Purnia Junction,PRNA
Purua Khera,PRKE
Purulia Junction,PRR
Pusauli,PSE
Putalapattu,PTT
Putlacheruvu,PCU
Puttur,PUT
Pwn Klaknder Road,PQN
Quilandi,QLD
Rachagunnari,RCG
Radhagaon,RDF
Radhakishorepur,RQP
Radhanpur,RDHP
Radhikapur,RDP
Rae Bareli Junction,RBL
Rafiganj,RFJ
Ragaul,RGU
Raghavapuram,RGPM
Raghunathpalli,RGP
Raghunathpur,RPR
Raghunathpur,RCTC
Raghuraj Singh,RRS
Rahama,RHMA
Rahenbata,RNBT
Rahimabad,RBD
Rahimatpur,RMP
Rahuri,RRI
Rai Singh Nagar,RSNR
Raichur,RC
Raigadh Road,RGQ
Raiganj,RGJ
Raigarh,RIG
Raigir,RAG
Raika Bagh,RKB
Raimehatpur,MTPR
Raipur Junction,R
Rairakhol,RAIR
Raisi,RSI
Raiwala,RWL
Raj Gangpur,GP
Raj Nandgaon,RJN
Raja Ka Sahaspr,RJK
Raja Ki Mandi,RKM
Rajabera,RJB
Rajaldesar,RJR
Rajamundry,RJY
Rajanagar,RJA
Rajankunti,RNN
Rajapalayam,RJPM
Rajapur Road,RAJP
Rajawari,RJI
Rajchandrapur,RCD
Rajendra Pul,RJO
Rajendranagar,RJQ
Rajgarh,RHG
Rajghat Narora,RG
Rajgir,RGD
Rajgram,RJG
Rajkharsawan Junction,RKSN
Rajkiawas,RKZ
Rajkot Junction,RJT
Rajmane,RM
Rajpura Junction,RPJ
Rajula City,RJU
Rajula Junction,RLA
Rakha Mines,RHE
Rakhiyal,RKH
Ram Chaura Road,RMC
Ram Nagar J K,RMJK
Ramakona,RMO
Raman,RMN
Ramanagaram,RMGM
Ramanathapuram,RMD
Ramannapet,RMNP
Rambha,RBA
Rambhaddarpur,RBZ
Ramdevra,RDRA
Rameswaram,RMM
Ramganga,RGB
Ramganj Mandi,RMA
Ramgarh Cant,RMT
Ramgarhwa,RGH
Ramgiri,RGI
Ramgundam,RDM
Ramkola,RKL
Ramna,RMF
Ramnagar,RMR
Ramnagar Bengal,RMRB
Rampur,RMU
Rampur Bazar,RMPB
Rampur Dumra,RDUM
Rampur Hat,RPH
Rampura Beri,RMB
Rampura Phul,PUL
Ramsagar,RSG
Ranaghat Junction,RHA
Ranala,RNL
Ranapratapnagar,RPZ
Ranavav,RWO
Ranchi,RNC
Ranchi Road,RRME
Rangaliting,RNGG
Rangapara North,RPAN
Rangapuram,RGM
Rangiya Junction,RNY
Rangtong,RTG
Rani,RANI
Ranibennur,RNR
Raniganj,RNG
Raniwara,RNV
Ranjangaon Road,RNJD
Ranjani,RNE
Ranoli,RNO
Ranolishishu,RNIS
Ranpur,RUR
Ranthambhore,RNT
Ranyal Jasmiya,RCJ
Raoti,RTI
Rasayani,RSYI
Rasipuram,RASP
Rasra,RSR
Rasulabad,RUB
Rasuriya,RYS
Ratan Shahr,RSH
Ratangarh Junction,RTGH
Ratangarh West,RXW
Ratanpur,RPUR
Ratanpura,RTP
Rathdhana,RDDE
Ratlam Junction,RTM
Ratnagiri,RN
Ratnapur,RNU
Rau,RAU
Rauli,RUL
Ravalpali Kalan,RPK
Raver,RV
Ravikampadu,RVD
Ravindrakhani,RVKH
Ravtha Road,RDT
Rawania Dungar,RWJ
Raxual Junction,RXL
Ray,RAY
Raya,RAYA
Rayadrug,RDG
Rayagada,RGDA
Rayalcheruvu,RLO
Rayanapad,RYP
Raybag,RBG
Razampeta,RJP
Rechni Road,RECH
Regupalem,REG
Rejinagar,REJ
Ren,REN
Rengali,RGL
Renigunta Junction,RU
Renukut,RNQ
Renwal,RNW
Reoti,ROI
Reoti B Khera,RBK
Repalle,RAL
Rethorakalan,RAKL
Rewa,REWA
Rewari,RE
Rewral,RRL
Rikhabdev Road,RDD
Ringas Junction,RGS
Risama,RSA
Rishikesh,RKSH
Risia,RS
Rithi,REI
Rjndr Ngr Bihar,RJPB
Rmgrh Shekhwati,RSWT
Rmkrshnaprm Gte,RKO
Rningr Jlpaigri,RQJ
Roberts Ganj,RBGJ
Robertson,ROB
Roha,ROHA
Rohat,RT
Rohtak Junction,ROK
Roorkee,RK
Roshanpur,RHN
Rotegaon,RGO
Rourkela,ROU
Rowriah Sdg,RWH
Rowta Bagan,RWTB
Royapuram,RPM
Roza Junction,ROZA
Rudauli,RDL
Rudrapur City,RUPC
Rukadi,RKD
Rukmapur,RMY
Rukni,RUI
Runkhera,RNH
Runni Saidpur,RUSD
Rupamau,RUM
Rupaund,RPD
Rupbas,RBS
Rupnagar,RPAR
Rupnarayanpur,RNPR
Rupra Road,RPRD
Rupsa Junction,ROP
Rura,RURA
Rusera Ghat,ROA
Ruthiyai,RTA
S Bhakhtiyarpur,SBV
S K Para,SKAP
S Narayan Chpla,SNC
S Venkteswrpalm,SVPM
Sabarmati Junction,SBI
Sabarmati Junction,SBT
Sabaur,SBO
Sachin,SCH
Sadar Bazar,DSB
Sadashivapet Road,SSPD
Sadat,SDT
Sadisopur,SDE
Sadulpur Junction,SDLP
Sadulshahr,SDS
Sadura,SDUA
Safdarganj,SGJ
Safedabad,SFH
Safilguda,SFX
Sagadapata,SGDP
Sagar Jambagaru,SRF
Sagardighi,SDI
Sagauli Junction,SGL
Sagoni,SAO
Saharanpur,SRE
Saharsa Junction,SHC
Saharsrakund,SHSK
Sahatwar,STW
Saheli,SAHL
Sahibabad,SBB
Sahibganj Junction,SBG
Sahibpur Kml Junction,SKJ
Sahibzada Asngr,SASN
Sahjanwa,SWA
Sai P Nilayam,SSPN
Saidapur,SADP
Saidraja,SYJ
Saij Sertha Road,SHRD
Sainagar Shirdi,SNSI
Saintala,SFC
Sainthia,SNT
Saiyid Sarawan,SYWN
Sakaldiha,SLD
Sakhi Gopal,SIL
Sakhoti Tanda,SKF
Sakhpur,SKR
Sakhun,SK
Sakleshpur,SKLR
Sakri Junction,SKI
Sakrigali Junction,SLJ
Saktesgarh,SKGH
Sakti,SKT
Salagaon,SQQ
Salaia,SYA
Salamatpur,SMT
Salanpur,SLS
Salar,SALE
Salauna,SLNA
Salawas,SZ
Salboni,SLB
Salchapra,SCA
Salekasa,SKS
Salem Junction,SA
Salem Town,SXT
Salemgarhmasani,SJSM
Salempur Junction,SRU
Sali,SALI
Salichauka Road,SCKR
Salkaroad,SLKR
Salmari,SRI
Salogra,SLR
Salpura,SYL
Salwa,SAL
Samakhiali,SIO
Samakhiali B G,SIOB
Samalkha,SMK
Samalkot Junction,SLO
Samalpatti,SLY
Samastipur Junction,SPJ
Samaswara,SMSR
Samba,SMBX
Sambalpur,SBP
Sambalpur City,SBPY
Sambalpur Road,SBPD
Sambhar Lake,SBR
Samdhari Junction,SMR
Samlaya Junction,SMLA
Samnapur,SMC
Sampla,SPZ
Samsi,SM
Samudragarh,SMAE
Samuktala Road,SMTA
Sanahwal,SNL
Sanand,SAU
Sanat Nagar,SNF
Sanawad,SWD
Sanchi,SCI
Sandila,SAN
Saneh Road,SNX
Sanganapur,SNGR
Sanganer,SNGN
Sangaria,SGRA
Sangat,SGF
Sangli,SLI
Sangmeshwar,SGR
Sangola,SGLA
Sangrur,SAG
Sanichara,SAC
Sanjali,SNJL
Sanjan,SJN
Sank,SANK
Sanka,SNKR
Sankarankovil,SNKL
Sankaridrug,SGE
Sankarpur,SNQ
Sankopara,SXP
Sanosra,SOA
Sansarpur,SNRR
Sant Road,SAT
Santaldih,SNTD
Santalpur,SNLR
Santamagulur,SAB
Santragachi Junction,SRC
Sanvatsar,SNVR
Sanverdam Chuch,SVM
Sanvrad,SVO
Saoner Junction,SONR
Saonga Halt,SZH
Sapatgram,SPX
Sape Wamne,SAPE
Sapekhati,SPK
Saphale,SAH
Saradhna,SDH
Saragbundia,SRBA
Saragchni,SGV
Sarai,SAI
Sarai Chandi,SYC
Sarai Kansrai,SQN
Sarai Mir,SMZ
Sarangpur,SFW
Saraswatinagar,SRWN
Sarbahara,SBRA
Sardargram,SDGM
Sardarnagar,SANR
Sardarshahr,SRDR
Sardiha,SUA
Sareigram,SGAM
Sareri,SSR
Sarkoni,SIQ
Sarnath,SRNT
Sarola,SRL
Sarona,SZB
Sarotra Road,SZA
Sarupathar,SZR
Sarupsar Jn,SRPR
Sarwari,SVD
Sasaram,SSM
Sasni,SNS
Sason,SSN
Sasthankotta,STKT
Satara,STR
Sathajagat,STJT
Sathi,SAHI
Sathiaon,SAA
Sathin Road,SWF
Satna,STA
Satnali,STNL
Satrod,STD
Sattenapalle,SAP
Satulur,STUR
Satuna,SCO
Satur,SRT
Saugor,SGO
Saunshi,SNH
Sausar,SASR
Savalyapuram,SYM
Savanur,SVNR
Savarda,SVX
Savarkundla,SVKD
Savda,SAV
Sawai Madhopur,SWM
Sawalgi,SVG
Sawantwadi Road,SWV
Sayan,SYN
Sbb Jogulamba H,SBBJ
Sbewbabudih,SBW
Sealdah,SDAH
Secunderabad Junction,SC
Sehore,SEH
Selu,SELU
Semapur,SMO
Semari,SES
Senchoa Jn,SCE
Sendra,SEU
Sengottai,SCT
Seohara,SEO
Seoni,SEY
Seoraphuli,SHE
Seram,SEM
Serampore,SRP
Settihally,SET
Sevagram,SEGM
Sewapuri,SWPR
Seydunganallur,SDNR
Shadnagar,SHNR
Shahabad,SDB
Shahbad Marknda,SHDM
Shahdol,SDL
Shahganj Junction,SHG
Shahjahanpur,SZP
Shahjehanpur,SPN
Shahpur Patoree,SPP
Shahzad Nagar,SAR
Shaitansinghngr,STSN
Shajapur,SFY
Shakti Nagar,SKTN
Shakurbasti,SSB
Shalashah Thana,SHLT
Shalimar,SHM
Sham Chaurasi,SCQ
Shambhupura,SMP
Shamgarh,SGZ
Shamlaji Road,SJS
Shamli,SMQL
Shankargarh,SRJ
Shankarpalli,SKP
Shdspra Padmpra,SAS
Shedbal,SED
Shegaon,SEG
Sheikpura,SHK
Shelgoan H,SLGH
Shendri,SEI
Sheo Singh Pura,SHNX
Sheoprasadnager,SPDR
Sherekan,SRKN
Shertalai,SRTL
Shikara,SKY
Shikohabad Junction,SKB
Shimiliaguda,SMLG
Shimoga,SME
Shimoga Town,SMET
Shirravde,SIW
Shirud,SHF
Shiupur,SOP
Shivaji Bridge,CSB
Shivalingapuram,SLPM
Shivanarayanpur,SVRP
Shivani,SHV
Shivarampur,WSC
Shivnagar,SHNG
Shivpura,SVT
Shivpuri,SVPI
Shivrampur,SWC
Shmata V D Ktra,SVDK
Shoghi,SGS
Sholavandan,SDN
Sholinghur,SHU
Shoranur Junction,SRR
Shri Amirgadh,SIM
Shri Bhavnath,SBHN
Shri Ganganagar,SGNR
Shri Karanpur,SRW
Shri Madhopur,SMPR
Shri Mahabirji,SMBJ
Shribdrya Lathi,SBLT
Shridham,SRID
Shrigonda Road,SGND
Shrirajnagar,SAGR
Shrirangapatna,S
Shrungavarpukta,SUP
Shujaatpur,SJT
Shujalpur,SJP
Shyamnagar,SNR
Shyampuri,SMPA
Sibsagar Town,SRTN
Siddhpur,SID
Sidhauli,SD
Sidmukh,SDMK
Sigadam,SGDM
Sihapar,SIPR
Siho,SIHO
Sihor Gujarat,SOJN
Sihora Road,SHR
Sikandarpur,SKQ
Sikandra Rao,SKA
Sikar Junction,SIKR
Sikarpai,SKPI
Silak Jhori,SZY
Silao,SILO
Silapathar,SPTR
Silaut,SLT
Silchar,SCL
Silghat Town,SHTT
Siliari,SLH
Siliguri,SGUD
Siliguri Junction,SGUJ
Siliguru Town,SGUT
Silli,SLF
Simaluguri Junction,SLGR
Simaria,SAE
Simbhooli,SMBL
Simhachalam,SCM
Simla,SML
Simultala,STL
Simurali,SMX
Sindhawadar,SDD
Sindhudurg,SNDD
Sindi,SNI
Sindkheda,SNK
Sindpan,SDPN
Sindriblock Hut,SDBH
Sindurwa,SYW
Singaperumlkoil,SKL
Singapuram Road,SPRD
Singaram,SGRM
Singarayakonda,SKM
Singarpur,SNPR
Singhpur,SNGP
Singrauli,SGRL
Sini Junction,SINI
Sirajnagar H,SRJN
Sirari,SRY
Siras,SRAS
Sirathu,SRO
Sird,SIRD
Sirhind Junction,SIR
Siripuram,SRPM
Sirjam,SRJM
Sirkazhi,SY
Sirohi Road,SOH
Sirpur Kagazngr,SKZR
Sirpur Town,SRUR
Sirsa,SSA
Sirsaul,SSL
Sisarka,SSKA
Sisvinhalli,SVHE
Siswa Bazar,SBZ
Sitabinj,STBJ
Sitafal Mandi,STPD
Sitalnagar,STNR
Sitalpur,STLR
Sitamarhi,SMI
Sitampet,STPT
Sitanagaram,SNM
Sitapur,STP
Sitapur Cant,SCC
Sitapur City,SPC
Sitarampur,STN
Siuri,SURI
Sivaganga,SVGA
Sivajinagar,SVJR
Sivakasi,SVKS
Sivungaon,SVN
Siwaith,SWE
Siwan Junction,SV
Siwani,SWNI
Sleemanabad Road,SBD
Sodpur,SEP
Sogra,SOGR
Sohagpur,SGP
Sohwal,SLW
Sojat Road,SOD
Solan,SOL
Solan Brewery,SBY
Solapur Junction,SUR
Somalapuram,SLM
Somanayakkanpti,SKPT
Somanur,SNO
Somesar,SOS
Somidevipalle,SDV
Somna,SOM
Somnath,SMNH
Sompeta,SPT
Somra Bazar,SOAE
Somtane,SMNE
Son Nagar,SEB
Sonada,SAD
Sonadanga,SVH
Sonagir,SOR
Sonai,SYZ
Sonakhan,SXN
Sonalli,SI
Sonasan,SNSN
Sonbarsa Kcheri,SBM
Sondad,SNV
Sondha Road,SCN
Sonegaon,SNN
Songadh,SGD
Soni,SONI
Sonik,SIC
Sonipat,SNP
Sonpur Junction,SEE
Sonshelu,SNSL
Sontalai,SQL
Sonua,SWR
Sonwara,SWO
Sorbhog Junction,SBE
Soro,SORO
Soron,SRN
Soron,SRNK
Sorupeta,SPQ
Sri Dungargarh,SDGH
Sri Kalahasti,KHT
Srikakulam Road,CHE
Srikrishn Nagar,SKN
Srinagar,SINA
Srinagar,SNAR
Srinivasa Nagar,SHAN
Sriramnagar,SRNR
Srirangam,SRGM
Srivaikuntam,SVV
Srivilliputtur,SVPR
Stuartpuram,SPF
Subarnamrigi,SBNM
Subedarganj,SFG
Subrahmanya Roa,SBHR
Subzi Mandi,SZM
Sudamdih,SDMD
Sudhani,SUD
Sudsar,SDF
Suhsarai,SOW
Suisa,SSIA
Sujangarh,SUJH
Sujanpur,SJNP
Sujnipara,SPLE
Sukinda Road,SKND
Sukna,SN
Sukrimangela,SOY
Sukritipur,SQF
Suku,SXV
Suku,SUKU
Suladhal,SUL
Sulehalli,SUH
Sulerjavalge,SLGE
Sulgare,SGRE
Sulgare,SGRD
Sullurupeta,SPE
Sultanganj,SGG
Sultanpur,SLN
Sultanpur Lodi,SQR
Summer Hill,SHZ
Sumreri,SMRR
Sunak,SUC
Sunam,SFM
Sur Khand Ka Kh,SZK
Sura Nussi,SRX
Suraimanpur,SIP
Surajgarh,SRGH
Surajpur,SUPR
Surajpur Road,SJQ
Surareddipalem,SDM
Surat,ST
Suratgarh Junction,SOG
Surathkal,SL
Suratpura,SURP
Surendranagar,SUNR
Surendranagar G,SRGT
Surgaon Banjari,SGBJ
Suriawan,SAW
Suwansa,SWS
Suwasra,SVA
Swadinpur,SDLE
Swarupganj,SRPJ
Tadakalpudi,TPY
Tadali,TAE
Tadepalligudem,TDD
Tadipatri,TU
Tadwal,TVL
Taherpur,THP
Tahsil Bhadra,TSD
Tahsil Fatehpur,TSF
Taiabpur,TBR
Tajpur,TJP
Tajpur Dehma,TJD
Takal,TAKL
Takari,TKR
Takarkhede,TKHE
Takia,TQA
Takli,TKI
Takli Bhansali,TKLB
Taklimiya,TKMY
Taksal,TSL
Taku,TAKU
Talaiyuthu,TAY
Talakhajuri,TLKH
Talamanchi,TMC
Talandu,TLO
Talbahat,TBT
Talcher,TLHR
Talcher Road,TLHD
Talchhapar,TLC
Talegaon,TGN
Talgaria,TLE
Talguppa,TLGP
Talit,TIT
Taljhari,TLJ
Talmadla,TMD
Talod,TOD
Taloja Panchand,TPND
Talvadya,TLV
Talwandi,TWB
Tambaram,TBM
Tamkuhi Road,TOI
Tamluk,TMZ
Tamna,TAO
Tanakpur,TPU
Tanda Urmar,TDO
Tandur,TDU
Tangarmunda,TGM
Tangiriapal,TGRL
Tangla,TNL
Tangra,TRA
Tanguturu,TNR
Tankuppa,TKN
Tanuku,TNKU
Tanur,TA
Tapa,TAPA
Tapri,TPZ
Taradevi,TVI
Tarana Road,TAN
Taraori,TRR
Tarapith Road,TPF
Taregna,TEA
Targaon,TAZ
Tarigoppula,TGU
Tarikere Junction,TKE
Tarlupadu,TLU
Tarsarai,TRS
Taru,TR
Tatanagar Junction,TATA
Tatibahar,TBH
Tatisilwai,TIS
Teghra,TGA
Tehta,THA
Tekkabigha,TKBG
Telam,TQM
Telaprolu,TOU
Teliamura,TLMR
Telo,TELO
Telta,TETA
Tenali Junction,TEL
Tenganmada,TGQ
Tenkasi Junction,TSI
Tettu,TTU
Tetulmari,TET
Thadi,THY
Thakurganj,TKG
Thakurtota,TKH
Thalassery,TLY
Thallak,THKU
Thalwara,TLWA
Than Junction,THAN
Thana Bihpur Junction,THB
Thandla Road,THDR
Thane,TNA
Thanjavur,TJ
Tharsa,TAR
Thawe Jn,THE
Therubali,THV
Thiruvarur Junction,TVR
Thivim,THVM
Thokur,TOK
Thrisur,TCR
Thuria,THUR
Tibi,TIBI
Tihu,TIHU
Tikaria,TKYR
Tikekarwadi,TKWD
Tikiri,TKRI
Tikunia,TQN
Tilak Bridge,TKJ
Tilaru,TIU
Tilati,TLT
Tilaya,TIA
Tilbhita,TBB
Tilda,TLD
Tildanga,TDLE
Tilhar,TLH
Tiloniya,TL
Timarni,TBN
Timbarva,TBV
Timmanacherla,TIM
Timmapur,TMX
Timtala,TMT
Tindharia,TDH
Tindivanam,TMV
Tinpahar Junction,TPH
Tinsukia Junction,TSK
Tipkai,TPK
Tiptur,TTR
Tiraldih,TUL
Tirchrpali Fort,TP
Tirora,TRO
Tiruchchirapali,TPJ
Tiruchendur,TCN
Tiruchrpali Twn,TPTN
Tiruchrpli Plki,TPE
Tirukoilur,TRK
Tirumangalam,TMQ
Tirunelveli,TEN
Tirunnavaya,TUA
Tirupadripulyur,TDPR
Tiruparankndrm,TDN
Tirupati,TPTY
Tirupattur Junction,TPT
Tiruppur,TUP
Tirur,TIR
Tiruttangal,TTL
Tiruttani,TRT
Tiruvalla,TRVL
Tiruvannamalai,TNM
Tiruverumbur,TRB
Tisi,TISI
Tisua,TSA
Titabar,TTB
Titagarh,TGH
Titlagarh,TIG
Titwa,TTW
Tivari,TIW
To Darjeeling,DJRZ
To Darjeeling,DJR
Todarpur,TDP
Tohana,TUN
Tomka,TMKA
Topokal,TPQ
Toranagallu,TNGL
Torang,TRAN
Tori,TORI
Tribeni,TBAE
Trikarpur,TKQ
Trilochan Mahdo,TLMD
Triupunittura,TRTR
Trivandrum Cntl,TVC
Trivandrum Pett,TVP
Trivellore,TRL
Tsunduru,TSR
Tufanganj,TFGN
Tuggali,TGL
Tuglakabad,TKD
Tuiya Pani,TPNI
Tukaithad,TTZ
Tulin,THO
Tuljapur,TGP
Tulwara Jhil,TLI
Tumkur,TK
Tumsar Road,TMR
Tundla Junction,TDL
Tung,TUNG
Tuni,TUNI
Tunia,TUX
Tupkadih,TKB
Turavur,TUVR
Turekala Road,TRKR
Turtipar,TTI
Tuti Melur,TME
Tuticorin,TN
Tuvvur,TUV
Twining Ganj,TWG
Tyada,TXD
Tyakal,TCL
Uchana,UCA
Uchippuli,UCP
Udagamandalam,UAM
Udaipur City,UDZ
Udalguri,ULG
Udalkachar,UKR
Udasar,UDS
Udgir,UDGR
Udhampur,UHP
Udhna Junction,UDN
Udupi,UD
Udvada,UVD
Ugar Khurd,UGR
Ugna Halt,UGNA
Ugrasenpur,URPR
Ugwe,UGWE
Ujalvav,UJ
Ujhani,UJH
Ujiarpur,UJP
Ujjain Junction,UJN
Ukai Songadh,USD
Ukhali,UKH
Ukhra,UKA
Ukshi,UKC
Ulavapadu,UPD
Ulhasnagar,ULNR
Ullal,ULL
Ulubaria,ULB
Umar Tali,UTA
Umardashi,UM
Umaria,UMR
Umaria Ispa Hlt,UIH
Umbargam Road,UBR
Umdanagar,UR
Umed,UMED
Umra,UMRA
Umra Nala,ULA
Umri,UMRI
Una Himachal,UHL
Unawa Aithor,UAR
Unchahar Junction,UCR
Unchaulia,UCH
Unchdih,UND
Unchhera,UHR
Unchi Bassi,UCB
Undasa Madhawpu,UDM
Undi,UNDI
Unguturu,VGT
Unhel,UNL
Unjalur,URL
Unjha,UJA
Unnao Junction,ON
Untare Road,URD
Uparmal,URML
Upleta,UA
Uppal,OPL
Uppala,UAA
Uppugunduru,UGD
Uren,UREN
Urga,URGA
Urkura,URK
Urma,URMA
Uruli,URI
Usalapur,USL
Usmanabad,UMD
Usmanpur,UPR
Utarlai,UTL
Utarsanda,UTD
Utrahtia,UTR
Utran,URN
Uttukuli,UKL
Vadakara,BDJ
Vadgaon,VDN
Vadgaon Nila,VDGN
Vadgaon Nila,WDN
Vadlamannadu,VMD
Vadod,VXD
Vadodara Junction,BRC
Vaibhavwadi Road,VBW
Vaikam Road,VARD
Vailapuzha,VPZ
Vaitarna,VTN
Vakav,WKA
Valapattanam,VAPM
Valappadi G Hlt,VGE
Valathoor,VLT
Valivade,VV
Valivade,VVE
Valiveru,VRU
Vallikunnu,VLI
Valliyur,VLY
Valsad,BL
Vambori,VBR
Vangani,VGI
Vangaon,VGN
Vaniyambadi,VN
Vaniyambalam,VNB
Vapi,VAPI
Varahi,VRX
Varanasi City,BCY
Varanasi Junction,BSB
Varangaon,VNA
Varediya,VRE
Varkala,VAK
Varnama,VRM
Vartej,VTJ
Varvala,VVA
Vasad Junction,VDA
Vasai Road,BSR
Vasco Da Gama,VSG
Vatlur,VAT
Vatva,VTA
Vedayapalem,VDE
Vedchha,VDH
Veer,VEER
Vejandla,VJA
Velalacheruv Ht,VLCA
Velankanni,VLKN
Veli,VELI
Vellacheruvu,VLE
Vellankanni,VLNK
Vellore Cant,VLR
Vellore Town,VT
Vemuru,VMU
Vendodu,VDD
Vendra,VND
Venkatachalam,VKT
Venkatagiri,VKI
Venkatnagra,VKR
Veraval,VRL
Verka Junction,VKA
Verna,VEN
Vetapalemu,VTM
Vidisha,BHS
Vidyapatidham,VPDA
Vidyapatinagar,VPN
Vidyasagar,VDS
Vijapur,VJF
Vijay Pur,VJP
Vijayawada Junction,BZA
Vijiypur Jammu,VJPJ
Vikarabad Junction,VKB
Vikhran Road,VKH
Vikramgarh Alot,VMA
Vikramnagar,VRG
Vilad,VL
Vilavade,VID
Vilayatkalan Road,VYK
Villuparam Junction,VM
Vindhyachal,BDL
Vinhere,VINH
Vinukonda,VKN
Viramgam Junction,VG
Virani Alur,VRLR
Virapur,VP
Virar,VR
Viravada,VRV
Viravalli,VRVL
Viravasaram,VVM
Virbhadra,VRH
Virpur,VRR
Virudunagar Junction,VPT
Visapur,VPR
Vishakapatnam,VSKP
Vishnupuram,VNUP
Vishrambag,VRB
Vishvamitri,VS
Vishvamitri,VSI
Viswanath Chrli,VNE
Vithisvarankol,VDL
Viveka Vihar,VVB
Vizianagram Junction,VZM
Vridhachalam Junction,VRI
Vyara,VYA
Vyasnagar,VYN
W R S Colony Ph,WRC
Wadakancheri,WKI
Wadegaon,WDG
Wadhwan City,WC
Wadi,WADI
Wadiaram,WDR
Wadrengdisa,WDA
Wadsa,WSA
Wadsinge,WDS
Wadwal Nagnath,WDLN
Wair,WAIR
Walajah Road Junction,WJR
Wan Road,WND
Wanegaon,WNG
Wani,WANI
Wankaner Junction,WKR
Wanparti Road,WPR
Wansjaliya,WSJ
Warangal,WL
Wardha Junction,WR
Waria,OYR
Waris Aleganj,WRS
Warora,WRR
Washermanpet,WST
Washim,WHM
Washimbe,WSB
Wathar,WTR
Wazerganj,WZJ
Wellington,WEL
Wena,WENA
Whitefield,WFD
Wihirgaon,VHGN
Wirur,WIRR
Wyndhamganj,WDM
Boddavara,BDVR
Yadgir,YG
Yalvigi,YLG
Yamuna Bdg Agra,JAB
Yataluru,YAL
Yedamangala,YDM
Yedshi,YSI
Yelhanka Junction,YNK
Yeliyur,Y
Yellakaru,YLK
Yeola,YL
Yerpedu,YPD
Yerraguntla,YA
Yesvantpur Junction,YPR
Yevat,YT
Yusufpur,YFP
Zafarabad Junction,ZBD
Zahirabad,ZB
Zamania,ZNA
Zampini,ZPI
Zangalapalle,ZPL
Zarap,ZARP
Zawar,ZW
